Time,AccelX,AccelY,AccelZ,GyroX,GyroY,GyroZ,Pressure,Temp,DeltaP,AirspeedTemp,Speed,Power,Airspeed
26.843,1.24,-1.27,9.73,-0.01,-0.00,0.01,1013.8,17.4,-41.6,15.2,0.00,0,0.00
26.958,1.24,-1.24,9.82,-0.04,0.00,0.02,1013.6,17.4,-40.5,15.2,0.00,0,0.00
27.055,0.81,-1.83,9.84,-0.03,0.02,0.01,1013.7,17.5,-40.5,15.2,0.00,0,0.00
27.152,1.08,-1.61,9.81,-0.03,0.00,0.01,1013.7,17.4,-38.4,15.2,0.00,0,0.00
27.249,1.13,-0.71,10.96,0.15,0.03,0.03,1013.7,17.3,-43.7,15.2,0.00,0,0.00
27.346,0.81,-2.05,9.79,0.04,-0.01,-0.01,1013.6,17.3,-40.5,15.2,0.00,0,0.00
27.466,0.91,-1.25,9.61,0.05,0.02,-0.01,1013.6,17.4,-40.5,15.2,0.00,0,0.00
27.564,0.86,-2.41,9.30,-0.03,0.04,-0.01,1013.7,17.4,-40.5,15.2,0.00,0,0.00
27.661,-0.60,3.02,9.63,0.02,0.06,0.02,1013.6,17.4,-44.7,15.2,0.00,0,0.00
27.758,0.98,-1.58,9.78,0.05,0.01,-0.01,1014.1,17.2,-40.5,15.2,0.00,0,0.00
27.856,1.14,-1.96,9.77,-0.01,0.00,0.01,1013.4,17.4,-41.6,15.2,0.00,0,0.00
27.946,1.06,-1.15,9.85,0.04,0.01,-0.01,1014.1,17.4,-40.5,15.2,0.00,0,0.00
28.043,1.13,-1.53,9.75,0.03,0.00,0.00,1013.1,17.6,-41.6,15.2,0.00,0,0.00
28.164,1.04,-1.33,9.85,0.03,0.01,0.00,1013.8,17.2,-41.6,15.2,0.00,0,0.00
28.261,1.10,-1.35,9.85,0.03,0.01,0.00,1013.5,17.2,-41.6,15.2,0.00,0,0.00
28.358,1.03,-1.21,9.84,0.03,0.01,-0.00,1013.9,17.4,-40.5,15.2,0.00,0,0.00
28.449,1.11,-1.29,9.88,0.02,0.01,0.00,1013.4,17.4,-40.5,15.2,0.00,0,0.00
28.579,1.13,-1.06,9.91,0.01,0.00,0.00,1013.7,17.4,-43.7,15.2,0.00,0,0.00
28.653,1.04,-1.28,9.85,0.01,0.01,0.00,1013.5,17.4,-40.5,15.2,0.00,0,0.00
28.750,1.08,-1.22,9.81,0.02,0.00,0.01,1013.7,17.4,-41.6,15.2,0.00,0,0.00
28.848,1.06,-1.33,9.83,0.01,0.00,0.00,1013.8,17.3,-38.4,15.2,0.00,0,0.00
28.962,1.10,-1.15,9.84,0.01,0.00,0.00,1013.9,17.4,-43.7,15.2,0.00,0,0.00
29.059,1.08,-1.22,9.90,0.01,0.00,0.01,1013.8,17.5,-40.5,15.2,0.00,0,0.00
29.156,1.13,-1.18,9.83,0.00,0.00,0.01,1014.2,17.4,-41.6,15.2,0.00,0,0.00
29.253,1.13,-1.23,9.87,0.01,0.00,0.00,1013.0,17.4,-40.5,15.2,0.00,0,0.00
29.350,0.81,-1.35,9.86,0.01,-0.01,0.01,1013.9,17.3,-40.5,15.2,0.00,0,0.00
29.465,1.56,0.33,9.19,0.02,0.01,0.01,1013.8,17.2,-38.4,15.2,0.00,0,0.00
29.562,1.06,-1.93,9.40,-0.08,0.00,0.01,1013.4,17.4,-38.4,15.2,0.00,0,0.00
29.644,1.15,-1.04,10.04,-0.01,0.00,-0.00,1013.8,17.4,-41.6,15.2,0.00,0,0.00
29.766,-1.81,-2.48,5.20,0.01,0.10,-0.03,1013.5,17.4,-40.5,15.2,0.00,0,0.00
29.863,1.11,-1.40,9.96,0.06,0.01,-0.04,1013.2,17.5,-41.6,15.2,0.00,0,0.00
29.953,1.34,-1.65,9.62,-0.04,-0.01,-0.01,1014.1,17.5,-43.7,15.2,0.00,0,0.00
30.050,1.50,-1.46,9.49,0.01,-0.01,-0.09,1013.4,17.3,-40.5,15.2,0.00,0,0.00
30.147,2.26,-2.19,9.30,-0.05,0.01,-0.08,1014.2,17.4,-41.6,15.2,0.00,0,0.00
30.244,2.48,-1.96,9.39,-0.26,-0.01,-0.01,1013.8,17.4,-41.6,15.2,0.00,0,0.00
30.365,1.47,-1.92,10.74,-0.09,0.03,-0.13,1013.3,17.4,-43.7,15.2,0.00,0,0.00
30.455,2.19,-0.68,8.69,0.22,-0.03,-0.17,1013.8,17.4,-41.6,15.2,0.00,0,0.00
30.552,2.90,-2.59,7.57,0.00,-0.02,-0.22,1014.2,17.4,-41.6,15.2,0.00,0,0.00
30.658,3.72,-0.61,9.77,0.11,-0.07,-0.19,1013.7,17.5,-43.7,15.2,0.00,0,0.00
30.756,1.48,-0.41,10.05,-0.05,0.11,-0.17,1014.2,17.4,-44.7,15.2,0.00,0,0.00
30.853,4.33,-2.15,12.34,-0.23,-0.02,-0.19,1013.7,17.4,-44.7,15.2,0.00,0,0.00
30.967,1.50,-0.40,12.21,0.18,-0.06,-0.11,1013.5,17.4,-43.7,15.2,0.00,0,0.00
31.064,3.86,-0.90,10.17,-0.06,-0.18,-0.08,1014.0,17.1,-41.6,15.2,0.00,0,0.00
31.161,2.86,-5.15,7.09,-0.16,-0.42,-0.11,1014.1,17.5,-43.7,15.2,0.00,0,0.00
31.258,0.47,-1.61,7.28,-0.17,0.06,-0.04,1013.6,17.3,-41.6,15.2,0.00,0,0.00
31.355,2.62,-1.69,10.41,0.02,-0.09,-0.03,1013.9,17.4,-43.7,15.2,0.00,0,0.00
31.444,-5.76,-1.74,13.04,-0.10,0.23,0.00,1013.8,17.4,-43.7,15.2,0.00,0,0.00
31.566,-0.58,-2.54,6.81,0.73,0.06,0.55,1013.8,17.5,-43.7,15.2,0.00,0,0.00
31.664,-2.12,0.26,10.16,0.00,0.39,0.41,1013.3,17.4,-44.7,15.2,0.00,0,0.00
31.776,-3.38,0.12,14.12,0.30,0.41,0.10,1013.7,17.3,-43.7,15.2,0.00,0,0.00
31.850,3.26,-1.22,8.58,0.51,-0.57,0.19,1013.8,17.3,-41.6,15.2,0.00,0,0.00
31.963,0.85,-0.07,6.62,-0.02,0.01,0.24,1013.6,17.4,-41.6,15.2,0.00,0,0.00
32.061,-1.35,1.19,11.87,0.29,0.25,0.17,1013.8,17.4,-44.7,15.2,0.00,0,0.00
32.158,7.47,-2.36,16.16,-0.21,-0.26,0.20,1013.7,17.4,-41.6,15.2,0.00,0,0.00
32.255,6.71,0.18,7.71,0.41,-0.48,0.24,1013.9,17.4,-40.5,15.2,0.00,0,0.00
32.352,1.07,0.27,7.96,0.39,0.08,-0.05,1013.7,17.2,-41.6,15.2,0.00,0,0.00
32.466,1.44,-0.71,7.58,-0.09,0.14,0.04,1013.8,17.4,-43.7,15.2,0.00,0,0.00
32.564,1.39,1.29,4.09,0.26,0.12,-0.12,1013.7,17.3,-43.7,15.2,0.00,0,0.00
32.662,11.31,-0.58,13.51,0.22,0.46,-0.19,1013.9,17.5,-43.7,15.2,0.00,0,0.00
32.759,-0.32,-0.32,10.73,0.09,0.24,-0.13,1013.0,17.3,-41.6,15.2,0.00,0,0.00
32.866,-0.15,-0.56,6.22,0.61,-0.31,-0.14,1014.0,17.5,-40.5,15.2,0.00,0,0.00
32.979,-5.74,-0.13,5.79,0.42,0.58,-0.20,1014.0,17.4,-40.5,15.2,0.00,0,0.00
33.053,5.36,0.04,15.47,0.25,-0.17,-0.28,1014.1,17.4,-44.7,15.2,0.00,0,0.00
33.150,0.14,-0.06,6.00,0.35,0.14,0.02,1013.9,17.6,-44.7,15.2,0.00,0,0.00
33.247,-1.81,-0.45,0.73,0.82,0.02,-0.07,1013.6,17.4,-37.4,15.2,0.00,0,0.00
33.344,2.98,-2.22,3.70,0.84,-0.36,-0.45,1013.3,17.4,-41.6,15.2,0.00,0,0.00
33.482,6.11,-0.06,8.27,0.13,-0.39,0.21,1013.4,17.4,-43.7,15.2,0.00,0,0.00
33.555,2.18,-0.43,9.35,0.19,0.04,-0.07,1014.2,17.5,-40.5,15.2,0.00,0,0.00
33.653,4.64,-5.95,-5.24,-0.38,-0.14,-0.30,1013.4,17.4,-44.7,15.2,0.00,0,0.00
33.750,0.75,-5.90,6.45,-0.44,0.03,-0.24,1013.7,17.4,-43.7,15.2,0.00,0,0.00
33.855,6.47,-0.22,6.85,-0.17,-0.55,-0.01,1013.9,17.6,-43.7,15.2,0.00,0,0.00
33.953,1.91,0.64,13.89,0.53,0.07,-0.31,1014.0,17.4,-43.7,15.2,0.00,0,0.00
34.043,4.93,-1.75,9.15,-0.69,-0.09,-0.08,1013.7,17.4,-43.7,15.2,0.00,0,0.00
34.164,-0.99,-4.03,9.49,-0.10,0.04,-0.07,1013.7,17.4,-41.6,15.2,0.00,0,0.00
34.261,-2.44,1.67,9.07,-0.04,0.03,0.13,1013.3,17.4,-44.7,15.2,0.00,0,0.00
34.358,6.26,0.24,4.93,0.12,-0.55,0.20,1013.6,17.4,-41.6,15.2,0.00,0,0.00
34.456,0.90,0.43,12.05,0.27,-0.09,0.16,1013.4,17.6,-40.5,15.2,0.00,0,0.00
34.546,1.43,0.27,13.33,0.16,0.16,0.04,1013.8,17.2,-37.4,15.2,0.00,0,0.00
34.643,-0.70,-3.73,11.59,0.01,-0.06,-0.12,1013.6,17.3,-43.7,15.2,0.00,0,0.00
34.765,2.97,-9.13,10.25,-1.15,-0.19,-0.12,1013.7,17.4,-43.7,15.2,0.00,0,0.00
34.862,-3.40,-0.60,-0.24,0.07,0.54,-0.08,1013.4,17.4,-41.6,15.2,0.00,0,0.00
34.974,-0.00,-0.91,10.79,-0.13,-0.07,0.13,1013.5,17.3,-41.6,15.2,0.00,0,0.00
35.065,-1.34,2.26,8.46,0.15,0.53,0.01,1013.9,17.3,-40.5,15.2,0.00,0,0.00
35.162,-3.19,0.08,11.33,0.61,-0.36,0.43,1013.7,17.4,-47.9,15.2,0.00,0,0.00
35.259,0.66,1.30,10.57,0.22,-0.04,0.04,1013.6,17.4,-44.7,15.2,0.00,0,0.00
35.356,13.17,0.26,10.23,0.66,-0.88,0.02,1014.0,17.4,-44.7,15.2,0.00,0,0.00
35.454,3.81,-2.43,4.07,-0.33,0.09,-0.13,1013.8,17.4,-50.0,15.2,0.00,0,0.00
35.544,5.18,0.79,9.34,-0.51,-0.49,-0.03,1013.9,17.2,-44.7,15.2,0.00,0,0.00
35.666,2.38,-0.59,4.02,0.40,-0.50,0.06,1013.5,17.2,-46.8,15.2,0.00,0,0.00
35.763,1.44,0.28,5.54,-0.02,0.11,0.02,1013.7,17.4,-46.8,15.2,0.00,0,0.00
35.860,0.30,-1.73,10.75,-0.29,0.62,-0.00,1013.8,17.4,-40.5,15.2,0.00,0,0.00
35.957,-0.13,2.23,10.43,0.64,-1.04,0.06,1013.1,17.5,-40.5,15.2,0.00,0,0.00
36.056,1.55,-0.85,9.72,0.49,-0.10,0.07,1013.8,17.4,-40.5,15.2,0.00,0,0.00
36.153,8.10,1.62,24.53,-0.29,0.57,0.04,1013.6,17.4,-44.7,15.2,0.00,0,0.00
36.250,-0.80,-3.35,12.45,0.33,0.31,-0.13,1013.9,17.4,-43.7,15.2,0.00,0,0.00
36.347,0.11,-0.98,7.34,-0.05,0.25,-0.13,1014.3,17.5,-43.7,15.2,0.00,0,0.00
36.445,2.75,-0.72,13.88,-0.31,0.02,-0.03,1014.2,17.2,-43.7,15.2,0.00,0,0.00
36.560,4.04,-0.90,16.00,-1.32,0.35,-0.35,1014.1,17.3,-43.7,15.2,0.00,0,0.00
36.658,2.53,-0.84,7.38,0.13,-0.04,-0.05,1013.5,17.4,-46.8,15.2,0.00,0,0.00
36.755,-3.39,-1.26,10.02,0.37,0.11,-0.11,1013.8,17.6,-41.6,15.2,0.00,0,0.00
36.852,6.22,-2.42,1.59,0.31,-0.63,0.29,1013.5,17.5,-46.8,15.2,0.00,0,0.00
36.949,-3.57,-0.34,9.11,-0.23,0.41,-0.04,1013.6,17.5,-41.6,15.2,0.00,0,0.00
37.071,-1.26,-3.66,16.79,-0.20,0.41,-0.07,1013.6,17.4,-41.6,15.2,0.00,0,0.00
37.145,0.68,-2.98,3.56,-1.00,0.07,-0.05,1014.1,17.5,-47.9,15.2,0.00,0,0.00
37.266,-5.61,-1.95,5.21,-0.44,0.97,0.03,1014.1,17.2,-41.6,15.2,0.00,0,0.00
37.363,-6.26,-2.67,2.88,0.01,0.75,-0.24,1014.0,17.4,-43.7,15.2,0.00,0,0.00
37.461,2.50,-3.17,4.55,-0.21,-0.36,-0.01,1013.6,17.4,-43.7,15.2,68.67,0,0.00
37.550,-2.67,-2.98,1.88,0.36,0.41,-0.39,1013.4,17.2,-43.7,15.2,68.67,0,0.00
37.649,5.41,0.68,20.05,0.64,-0.19,-0.15,1013.7,17.4,-44.7,15.2,68.67,0,0.00
37.746,-1.52,0.83,14.94,0.29,0.99,-0.23,1013.6,17.4,-43.7,15.2,68.67,0,0.00
37.843,-10.29,-4.86,4.16,-0.84,-0.80,0.04,1013.7,17.4,-47.9,15.2,68.67,0,0.00
37.964,4.56,1.43,15.31,0.25,0.28,-0.22,1013.7,17.4,-44.7,15.2,68.67,0,0.00
38.053,4.75,-1.12,12.57,-0.24,0.30,0.02,1014.0,17.4,-46.8,15.2,68.67,0,0.00
38.194,14.34,0.72,19.40,0.58,-1.77,0.06,1013.7,17.4,-46.8,15.2,68.67,0,0.00
38.244,1.69,3.65,7.66,0.58,0.42,0.24,1013.4,17.3,-44.7,15.2,68.67,0,0.00
38.365,-5.87,1.05,21.10,-0.06,0.02,0.09,1014.0,17.5,-51.0,15.2,68.67,0,0.00
38.463,-7.31,-1.81,12.41,1.04,1.46,0.33,1014.1,17.3,-41.6,15.2,7.73,0,0.00
38.576,15.80,0.35,24.50,-0.21,0.31,0.06,1014.1,17.4,-44.7,15.2,7.73,0,0.00
38.651,-3.80,-1.24,-3.69,-0.26,0.59,0.39,1013.7,17.3,-40.5,15.2,7.73,56,0.00
38.748,-1.69,0.38,1.44,-0.16,0.94,0.28,1013.4,17.2,-37.4,15.2,7.73,56,0.00
38.845,8.44,3.02,19.17,1.41,-0.87,0.73,1013.5,17.4,-46.8,15.2,7.73,56,0.00
38.966,1.71,0.11,14.06,-0.44,-0.75,0.00,1013.9,17.5,-46.8,15.2,7.73,56,0.00
39.079,-6.44,-4.50,5.62,-0.09,0.08,-0.28,1013.9,17.4,-38.4,15.2,7.73,56,0.00
39.153,-0.61,-3.13,-4.07,-0.66,0.35,0.05,1013.8,17.4,-43.7,15.2,7.73,56,0.00
39.260,6.76,-4.17,-4.31,-0.18,0.40,0.05,1014.2,17.4,-43.7,15.2,7.73,56,0.00
39.357,10.15,1.36,16.92,0.55,-0.36,0.11,1014.2,17.4,-41.6,15.2,7.73,56,0.00
39.454,6.43,-2.84,9.08,0.28,0.19,-0.03,1013.7,17.4,-40.5,15.2,7.73,56,0.00
39.551,-8.39,-6.15,-0.40,-0.54,0.75,-0.28,1013.5,17.3,-38.4,15.2,7.73,56,0.00
39.666,14.94,-1.54,18.60,-0.04,-0.74,-0.08,1013.6,17.4,-53.1,15.2,7.73,56,0.00
39.763,-3.47,-0.43,14.37,0.37,0.57,-0.16,1014.0,17.3,-44.7,15.2,7.73,56,0.00
39.860,-9.06,-3.41,-11.28,0.01,0.72,-0.12,1013.8,17.5,-47.9,15.2,7.73,56,0.00
39.957,-2.39,-0.56,18.40,1.01,-0.09,0.10,1013.6,17.4,-46.8,15.2,7.73,56,0.00
40.054,2.29,-0.12,9.64,0.75,1.30,0.16,1013.7,17.3,-44.7,15.2,7.73,56,0.00
40.144,-0.85,-2.26,10.95,-0.53,-0.70,0.04,1013.3,17.4,-50.0,15.2,7.73,56,0.00
40.273,3.00,2.15,21.16,0.15,-1.41,0.16,1013.5,17.4,-46.8,15.2,7.73,56,0.00
40.347,4.75,-4.78,11.73,-0.50,-0.54,0.03,1013.8,17.3,-51.0,15.2,7.73,56,0.00
40.445,-14.31,-1.27,-6.89,0.32,2.71,-0.13,1013.8,17.3,-50.0,15.2,8.86,56,0.00
40.543,1.14,-2.32,17.42,0.74,-1.19,0.36,1014.0,17.4,-50.0,15.2,8.86,56,0.00
40.658,-10.07,-7.00,-7.88,0.05,1.14,-0.09,1013.6,17.3,-43.7,15.2,8.86,76,0.00
40.755,-12.29,-0.76,-3.80,-0.83,0.91,-0.04,1014.1,17.4,-40.5,15.2,8.86,76,0.00
40.852,10.49,-1.14,5.17,-0.17,-1.40,0.27,1013.8,17.4,-44.7,15.2,8.86,76,0.00
40.949,4.68,-0.56,11.56,-0.08,-0.59,0.24,1014.0,17.4,-50.0,15.2,8.86,76,0.00
41.046,9.89,1.37,22.92,-0.08,-0.70,0.17,1013.5,17.2,-46.8,15.2,8.86,76,0.00
41.160,11.63,1.78,13.84,-0.26,-0.26,0.29,1013.5,17.4,-43.7,15.2,8.86,76,0.00
41.257,2.93,-3.00,-2.84,-0.16,0.36,0.02,1013.7,17.4,-47.9,15.2,8.86,76,0.00
41.387,26.36,4.98,32.93,0.06,-1.33,0.59,1014.0,17.2,-43.7,15.2,8.86,76,0.00
41.462,4.01,-1.25,22.12,-1.12,-1.53,0.13,1013.3,17.4,-44.7,15.2,9.26,76,0.00
41.559,14.57,6.22,26.89,-0.05,0.46,0.28,1013.6,17.4,-77.3,15.2,9.26,76,0.00
41.650,-5.93,1.28,12.22,-0.49,0.87,-0.34,1013.8,17.4,-60.5,15.2,9.26,76,0.00
41.747,1.26,-3.26,16.33,-0.12,-1.54,-0.50,1013.9,17.4,-76.3,15.2,9.26,76,0.00
41.844,15.18,-3.59,10.38,0.64,-0.62,-0.23,1013.5,17.4,-63.7,15.2,9.26,76,0.00
41.965,0.46,2.79,19.53,0.47,-0.58,0.19,1013.8,17.3,-65.8,15.2,9.26,76,0.00
42.062,1.66,2.43,15.41,-0.71,1.24,-0.29,1013.7,17.3,-62.6,15.2,9.26,76,0.00
42.152,0.15,1.59,15.43,0.12,-0.29,-0.03,1014.0,17.4,-66.8,15.2,9.26,76,0.00
42.249,-2.48,-0.87,27.39,-0.23,0.09,0.03,1013.8,17.4,-91.0,15.2,9.26,76,0.00
42.346,-3.15,0.92,5.51,-0.44,0.35,0.07,1014.1,17.3,-57.3,15.2,9.26,76,0.00
42.453,3.28,-0.07,13.03,0.67,0.27,-0.05,1013.8,17.4,-62.6,15.2,9.44,76,0.00
42.550,-1.34,-2.79,-0.66,0.48,0.54,-0.27,1013.4,17.3,-63.7,15.2,9.44,76,0.00
42.665,1.42,-2.91,2.65,-1.02,0.59,-0.03,1013.8,17.5,-87.9,15.2,9.44,99,0.00
42.762,4.44,0.11,6.62,-0.77,-0.21,-0.21,1013.5,17.6,-80.5,15.2,9.44,99,0.00
42.859,-5.96,0.27,8.21,0.26,0.53,-0.18,1013.4,17.4,-60.5,15.2,9.44,99,0.00
42.956,13.38,-0.31,13.54,0.00,-0.50,0.00,1013.5,17.5,-53.1,15.2,9.44,99,0.00
43.053,-8.17,-3.09,5.72,0.03,-0.13,0.03,1013.7,17.5,-54.2,15.2,9.44,99,0.00
43.167,3.91,1.27,20.49,-0.58,0.30,-0.08,1014.0,17.4,-88.9,15.2,9.44,99,0.00
43.264,2.99,3.80,19.63,0.27,-2.95,0.28,1013.8,17.2,-91.0,15.2,9.44,99,0.00
43.361,-3.94,2.92,-10.00,-1.03,0.24,0.05,1014.1,17.4,-54.2,15.2,9.44,99,0.00
43.468,-6.36,0.60,25.38,-0.27,0.28,-0.07,1013.3,17.5,-62.6,15.2,9.58,99,0.00
43.566,8.60,-1.01,0.94,0.29,-0.90,-0.08,1013.4,17.4,-46.8,15.2,9.58,99,0.00
43.655,7.72,-0.03,-4.88,0.88,-0.57,0.25,1013.8,17.4,-50.0,15.2,9.58,99,0.00
43.753,9.30,-1.00,9.13,0.20,0.47,-0.32,1013.6,17.3,-51.0,15.2,9.58,99,0.00
43.850,3.89,-2.60,22.90,-1.05,-0.87,0.12,1013.8,17.4,-57.3,15.2,9.58,99,0.00
43.947,5.51,1.61,4.64,-0.70,-1.17,0.01,1013.4,17.4,-46.8,15.2,9.58,99,0.00
44.044,4.58,0.96,-3.79,0.54,0.07,0.11,1013.4,17.4,-47.9,15.2,9.58,99,0.00
44.157,-5.96,-3.06,7.28,0.36,-0.05,-0.10,1013.9,17.4,-46.8,15.2,9.58,99,0.00
44.255,-0.50,-1.92,-2.23,0.09,0.91,0.32,1014.3,17.4,-40.5,15.2,9.58,99,0.00
44.352,-0.30,-2.37,9.31,-0.87,1.11,0.22,1014.1,17.5,-50.0,15.2,9.58,99,0.00
44.450,8.84,-3.07,20.14,0.18,-1.44,-0.42,1013.9,17.4,-70.0,15.2,9.66,99,0.00
44.591,-4.84,0.59,-2.14,0.19,1.24,0.06,1013.6,17.4,-56.3,15.2,9.66,99,0.00
44.683,7.66,0.91,20.77,0.25,-0.29,0.25,1013.6,17.3,-81.5,15.2,9.66,102,0.00
44.756,-6.61,-1.59,27.18,-0.18,-0.34,-0.10,1013.3,17.4,-51.0,15.2,9.66,102,0.00
44.853,-1.45,-6.25,0.12,-0.03,-1.04,0.29,1014.0,17.3,-51.0,15.2,9.66,102,0.00
44.950,1.26,-0.57,8.97,-0.29,-1.07,0.10,1013.4,17.4,-47.9,15.2,9.66,102,0.00
45.047,1.02,4.02,29.02,0.49,-0.55,0.33,1013.7,17.4,-47.9,15.2,9.66,102,0.00
45.144,-1.39,-5.46,0.53,-0.27,0.79,0.18,1013.9,17.3,-63.7,15.2,9.66,102,0.00
45.258,5.31,3.54,23.87,0.08,-0.21,0.14,1013.9,17.3,-62.6,15.2,9.66,102,0.00
45.355,8.60,3.50,13.24,0.16,-1.17,0.37,1013.8,17.3,-53.1,15.2,9.66,102,0.00
45.453,-2.35,-5.05,-5.63,-0.30,0.24,0.07,1013.6,17.2,-70.0,15.2,9.90,102,0.00
45.550,3.10,-0.77,6.87,-0.19,-0.28,0.08,1013.9,17.2,-77.3,15.2,9.90,102,0.00
45.658,-3.09,-6.01,-6.99,0.42,-0.06,-0.02,1013.9,17.4,-87.9,15.2,9.90,102,0.00
45.748,3.20,-2.94,-0.84,-0.28,-0.66,-0.26,1013.6,17.4,-67.9,15.2,9.90,102,0.00
45.845,-2.91,7.90,45.27,0.42,-0.87,0.16,1013.8,17.4,-71.0,15.2,9.90,102,0.00
45.966,5.83,-1.68,11.90,0.08,-0.61,-0.04,1013.4,17.4,-80.5,15.2,9.90,102,0.00
46.063,-12.43,1.81,30.70,-0.34,0.68,0.16,1013.7,17.2,-63.7,15.2,9.90,102,0.00
46.160,-0.23,-1.63,4.27,-0.00,0.45,0.00,1013.8,17.6,-66.8,15.2,9.90,102,0.00
46.250,3.92,-0.48,11.77,0.11,0.54,-0.21,1013.6,17.4,-71.0,15.2,9.90,102,0.00
46.347,4.47,-3.11,-11.02,0.21,0.63,0.14,1014.0,17.3,-92.1,15.2,9.90,102,0.00
46.445,-9.92,0.19,12.66,0.56,1.38,0.03,1013.6,17.4,-47.9,15.2,10.35,102,0.00
46.543,-1.74,-0.48,8.77,-0.43,-0.80,0.44,1014.0,17.4,-51.0,15.2,10.35,102,0.00
46.674,1.67,3.46,28.70,0.72,-0.58,0.26,1014.0,17.4,-44.7,15.2,10.35,105,0.00
46.765,-6.95,-3.15,-6.13,-0.90,1.35,0.01,1013.2,17.5,-60.5,15.2,10.35,105,0.00
46.862,3.81,-1.17,10.56,0.09,-0.24,-0.02,1013.6,17.4,-77.3,15.2,10.35,105,0.00
46.959,2.74,4.70,13.67,0.25,-0.22,0.04,1013.7,17.4,-81.5,15.2,10.35,105,0.00
47.056,-3.80,3.40,21.26,-0.19,0.82,-0.20,1013.7,17.5,-54.2,15.2,10.35,105,0.00
47.153,-5.06,-2.41,-4.95,-0.73,1.33,-0.27,1013.3,17.4,-46.8,15.2,10.35,105,0.00
47.244,-3.59,-0.70,-4.55,-0.50,1.58,-0.12,1014.0,17.5,-46.8,15.2,10.35,105,0.00
47.365,0.52,-1.43,3.96,-1.28,0.20,-0.23,1013.7,17.4,-56.3,15.2,10.35,105,0.00
47.463,2.75,-1.79,9.24,0.60,-0.41,-0.07,1014.0,17.4,-46.8,15.2,10.60,105,0.00
47.560,8.18,-3.00,5.25,-0.08,-1.27,-0.03,1013.5,17.4,-53.1,15.2,10.60,105,0.00
47.658,1.08,-1.52,8.73,-0.65,1.26,-0.28,1013.5,17.5,-50.0,15.2,10.60,105,0.00
47.807,-12.45,0.12,24.39,0.45,0.88,-0.01,1013.7,17.3,-40.5,15.2,10.60,105,0.00
47.857,12.58,2.90,18.31,0.95,0.46,-0.23,1014.0,17.4,-47.9,15.2,10.60,105,0.00
47.954,-3.45,-0.36,3.74,-0.01,0.45,0.12,1014.0,17.4,-43.7,15.2,10.60,105,0.00
48.051,2.03,-4.13,2.48,0.75,0.64,-0.08,1013.3,17.4,-47.9,15.2,10.60,105,0.00
48.148,-0.51,-6.39,19.22,-0.93,-0.14,-0.05,1013.4,17.6,-46.8,15.2,10.60,105,0.00
48.263,1.28,-0.39,-4.75,0.42,0.13,0.12,1013.6,17.5,-54.2,15.2,10.60,105,0.00
48.360,5.90,6.11,17.62,0.52,-0.57,0.16,1013.9,17.4,-50.0,15.2,10.60,105,0.00
48.458,6.35,1.41,8.70,0.50,-0.60,0.44,1013.9,17.5,-46.8,15.2,10.91,105,0.00
48.555,-3.01,1.16,17.39,0.67,0.23,0.17,1013.7,17.4,-47.9,15.2,10.91,105,0.00
48.653,8.30,-1.84,9.59,0.98,-1.61,-0.25,1013.6,17.3,-56.3,15.2,10.91,98,0.00
48.743,9.77,-1.48,18.31,0.71,-1.12,0.06,1013.8,17.4,-47.9,15.2,10.91,98,0.00
48.851,-6.71,1.73,16.73,-0.01,0.19,-0.36,1013.7,17.4,-44.7,15.2,10.91,98,0.00
48.948,-13.80,-6.94,24.00,-0.43,-0.57,-0.44,1013.9,17.3,-47.9,15.2,10.91,98,0.00
49.045,-4.52,-2.61,7.47,0.41,-0.08,-0.22,1013.7,17.3,-46.8,15.2,10.91,98,0.00
49.166,-7.59,-4.07,6.52,0.58,0.95,-0.46,1013.6,17.2,-46.8,15.2,10.91,98,0.00
49.256,1.15,-0.13,19.95,-0.25,-0.73,0.31,1013.9,17.3,-47.9,15.2,10.91,98,0.00
49.354,-1.48,-2.27,12.83,-0.11,-0.03,0.00,1013.7,17.3,-51.0,15.2,10.91,98,0.00
49.452,0.45,-3.86,-10.57,-0.57,0.36,-0.13,1013.5,17.3,-47.9,15.2,11.17,98,0.00
49.549,4.34,2.68,21.97,0.49,0.26,-0.01,1013.7,17.3,-51.0,15.2,11.17,98,0.00
49.646,-0.65,-0.34,3.10,0.26,0.83,-0.28,1013.7,17.1,-43.7,15.2,11.17,98,0.00
49.759,9.60,2.59,3.98,0.93,0.20,-0.03,1013.7,17.4,-46.8,15.2,11.17,98,0.00
49.938,-1.15,-1.23,18.16,-0.44,1.30,-0.51,1013.5,17.4,-43.7,15.2,11.17,98,0.00
49.963,-5.54,-2.52,-4.48,-0.16,0.51,0.32,1013.4,17.3,-47.9,15.2,11.17,98,0.00
50.061,12.23,-0.60,18.65,-0.24,-1.58,-0.12,1013.9,17.5,-51.0,15.2,11.17,98,0.00
50.158,3.12,4.31,20.88,-0.21,0.15,-0.14,1014.0,17.3,-53.1,15.2,11.17,98,0.00
50.271,0.77,-3.04,18.55,-1.09,-0.82,0.17,1014.0,17.4,-51.0,15.2,11.17,98,0.00
50.345,1.34,-0.14,10.70,0.24,0.89,-0.08,1014.0,17.4,-50.0,15.2,11.17,98,0.00
50.467,0.72,-1.42,2.16,-0.89,0.73,0.16,1013.5,17.3,-41.6,15.2,11.47,98,0.00
50.564,-7.98,-1.80,22.27,0.47,-0.66,0.51,1013.7,17.4,-51.0,15.2,11.47,98,0.00
50.662,1.58,-1.55,11.80,0.22,-0.08,-0.02,1014.0,17.3,-47.9,15.2,11.47,98,0.00
50.775,-12.15,-2.14,7.01,-0.91,0.09,-0.36,1013.5,17.4,-76.3,15.2,11.47,98,0.00
50.849,-7.05,-5.98,-21.51,-0.95,0.19,0.19,1013.4,17.4,-88.9,15.2,11.47,98,0.00
50.946,-8.34,3.55,10.28,0.28,2.31,-0.06,1013.7,17.5,-63.7,15.2,11.47,98,0.00
51.053,12.47,3.05,1.02,0.62,-1.75,0.37,1014.1,17.3,-56.3,15.2,11.47,98,0.00
51.150,1.37,0.99,6.47,0.56,-0.01,0.00,1013.8,17.3,-91.0,15.2,11.47,98,0.00
51.248,4.55,-2.08,0.28,-0.45,-0.98,0.33,1013.6,17.5,-106.8,15.2,11.47,113,0.00
51.362,-4.77,-4.62,2.04,0.00,-0.61,0.08,1013.4,17.5,-92.1,15.2,11.47,113,0.00
51.460,0.34,-1.51,-1.70,-0.35,0.84,-0.42,1014.2,17.4,-104.7,15.2,11.87,113,0.00
51.557,-5.67,2.15,16.69,-0.06,-0.20,-0.11,1013.6,17.4,-46.8,15.2,11.87,113,0.00
51.654,-1.12,-0.78,21.32,-0.67,-0.49,0.20,1013.5,17.4,-54.2,15.2,11.87,113,0.00
51.751,8.16,0.61,17.01,-0.13,-0.26,-0.08,1013.6,17.4,-59.4,15.2,11.87,113,0.00
51.865,4.81,-1.89,7.68,-0.64,1.00,-0.41,1013.7,17.3,-50.0,15.2,11.87,113,0.00
51.962,-2.76,0.75,-7.69,1.13,1.11,-0.46,1013.7,17.3,-53.1,15.2,11.87,113,0.00
52.045,2.95,-0.98,2.32,1.49,-1.23,0.28,1013.6,17.2,-60.5,15.2,11.87,113,0.00
52.166,-30.54,-2.26,-28.81,1.61,5.05,-0.73,1013.9,17.4,-47.9,15.2,11.87,113,0.00
52.264,0.90,0.60,16.15,0.21,-0.23,0.26,1013.8,17.4,-65.8,15.2,11.87,113,0.00
52.354,3.34,2.60,10.52,-0.97,0.51,-0.25,1013.7,17.4,-47.9,15.2,11.87,113,0.00
52.452,2.34,0.24,17.95,-0.29,-0.58,0.01,1014.2,17.2,-85.7,15.2,12.42,113,0.00
52.549,-12.28,-0.94,22.30,0.11,0.09,0.07,1013.4,17.3,-59.4,15.2,12.42,113,0.00
52.646,4.77,-0.12,22.03,0.33,-0.32,0.18,1014.0,17.4,-57.3,15.2,12.42,113,0.00
52.743,17.74,7.29,34.16,-1.61,-0.91,0.35,1014.0,17.4,-44.7,15.2,12.42,113,0.00
52.858,12.07,5.95,43.52,0.69,1.11,-0.10,1013.7,17.4,-47.9,15.2,12.42,113,0.00
52.955,1.92,2.38,26.29,-0.52,-1.38,0.03,1013.9,17.4,-54.2,15.2,12.42,113,0.00
53.133,4.35,-0.75,2.41,-0.90,0.84,-0.06,1013.5,17.3,-40.5,15.2,12.42,113,0.00
53.158,-23.52,-10.23,-28.99,0.62,2.04,-0.77,1013.2,17.2,-38.4,15.2,12.42,113,0.00
53.257,4.58,2.26,12.26,0.65,-0.70,0.29,1013.7,17.4,-53.1,15.2,12.42,123,0.00
53.348,0.81,-4.64,-6.64,-0.19,-0.41,-0.06,1013.6,17.2,-50.0,15.2,12.42,123,0.00
53.446,4.72,-2.36,9.57,0.30,0.43,-0.11,1013.8,17.4,-43.7,15.2,13.02,123,0.00
53.543,9.79,5.17,19.31,0.73,0.00,0.38,1013.5,17.3,-56.3,15.2,13.02,123,0.00
53.664,-2.96,2.73,11.52,0.58,0.08,0.36,1014.0,17.4,-43.7,15.2,13.02,123,0.00
53.761,6.92,4.83,22.48,0.78,-0.85,0.23,1013.8,17.3,-106.8,15.2,13.02,123,0.00
53.852,-1.31,-4.87,-4.50,-0.97,0.78,-0.34,1013.8,17.3,-53.1,15.2,13.02,123,0.00
53.949,2.95,-3.81,-4.63,-1.34,1.43,-0.46,1013.9,17.2,-60.5,15.2,13.02,123,0.00
54.046,15.25,1.81,7.96,-0.05,-1.66,0.11,1014.2,17.4,-76.3,15.2,13.02,123,0.00
54.143,-3.45,-4.16,-24.12,-0.81,-0.59,0.26,1013.7,17.4,-76.3,15.2,13.02,123,0.00
54.252,4.81,-0.04,9.29,0.39,0.28,-0.07,1013.6,17.2,-97.3,15.2,13.02,117,0.00
54.367,-6.10,-2.54,-8.91,-0.24,1.31,-0.13,1013.5,17.3,-81.5,15.2,13.02,117,0.00
54.465,1.88,-1.53,-2.36,1.01,0.11,-0.43,1013.6,17.3,-77.3,15.2,13.38,117,0.00
54.562,12.16,6.68,16.99,-0.87,-1.44,0.80,1013.6,17.2,-56.3,15.2,13.38,117,0.00
54.659,5.53,0.61,26.17,-0.58,0.43,0.14,1013.5,17.3,-80.5,15.2,13.38,117,0.00
54.756,6.49,4.20,30.15,0.17,-0.57,0.22,1013.6,17.3,-74.2,15.2,13.38,117,0.00
54.846,13.49,1.74,18.13,0.27,-2.23,0.13,1013.5,17.2,-62.6,15.2,13.38,117,0.00
54.944,7.43,-4.88,-0.94,0.03,-1.52,0.01,1013.7,17.4,-59.4,15.2,13.38,117,0.00
55.065,25.47,0.05,10.02,0.08,-2.62,0.59,1013.4,17.4,-56.3,15.2,13.38,117,0.00
55.162,5.26,3.49,29.45,0.26,-1.49,0.16,1014.1,17.4,-50.0,15.2,13.38,117,0.00
55.245,-1.77,-3.05,5.95,0.32,2.32,-0.25,1013.8,17.4,-46.8,15.2,13.38,117,0.00
55.360,-4.86,-0.74,14.04,-1.10,0.09,0.00,1013.5,17.2,-47.9,15.2,13.38,117,0.00
55.459,-7.96,-0.91,21.99,0.44,0.23,0.15,1013.5,17.2,-47.9,15.2,13.75,117,0.00
55.556,-3.94,0.70,9.89,0.49,0.62,-0.14,1013.5,17.3,-59.4,15.2,13.75,117,0.00
55.653,-7.86,2.65,13.93,0.32,2.78,-0.60,1013.6,17.3,-46.8,15.2,13.75,117,0.00
55.750,4.49,0.97,18.91,0.25,0.81,-0.31,1014.2,17.2,-54.2,15.2,13.75,117,0.00
55.863,3.02,-1.93,9.59,-1.53,-0.01,0.20,1013.3,17.1,-43.7,15.2,13.75,117,0.00
55.961,11.56,0.57,10.13,-0.26,-2.14,0.30,1013.8,17.5,-51.0,15.2,13.75,117,0.00
56.058,0.89,-0.97,24.30,0.08,0.49,-0.23,1014.1,17.4,-51.0,15.2,13.75,117,0.00
56.155,-0.57,-1.37,-6.43,-0.06,0.67,-0.15,1013.6,17.2,-40.5,15.2,13.75,117,0.00
56.334,-3.15,-2.68,16.03,-0.37,-0.10,-0.26,1013.6,17.4,-47.9,15.2,13.75,110,0.00
56.376,-12.92,-6.79,-12.78,-0.13,0.80,-0.30,1013.6,17.3,-41.6,15.2,13.75,110,0.00
56.451,6.35,0.05,-5.68,0.27,-0.26,0.17,1013.3,17.2,-50.0,15.2,14.37,110,0.00
56.548,15.23,1.29,16.47,0.12,-1.51,0.30,1013.6,17.2,-57.3,15.2,14.37,110,0.00
56.645,-12.14,-0.18,-2.55,-1.18,1.94,-0.32,1013.7,17.3,-50.0,15.2,14.37,110,0.00
56.766,-1.24,-1.15,4.50,-0.07,-0.78,0.06,1013.5,17.2,-47.9,15.2,14.37,110,0.00
56.880,8.65,4.95,18.68,0.41,-0.39,0.16,1014.1,17.4,-47.9,15.2,14.37,110,0.00
56.954,-1.57,-3.97,3.87,0.39,1.21,-0.09,1013.8,17.3,-43.7,15.2,14.37,110,0.00
57.051,6.35,-2.35,-6.36,-1.04,-1.24,0.21,1014.0,17.2,-38.4,15.2,14.37,110,0.00
57.148,-2.29,-1.21,15.97,-0.54,-0.92,0.07,1013.6,17.2,-40.5,15.2,14.37,110,0.00
57.246,-4.96,1.36,15.38,-1.60,-1.07,0.14,1013.4,17.3,-47.9,15.2,14.37,115,0.00
57.343,3.74,-3.58,-8.34,-1.50,-0.19,0.25,1013.5,17.4,-40.5,15.2,14.37,115,0.00
57.445,3.46,1.70,11.79,-0.71,-0.13,-0.23,1013.4,17.2,-41.6,15.2,14.32,115,0.00
57.543,-5.22,-3.94,-7.82,0.09,0.37,-0.24,1013.9,17.2,-47.9,15.2,14.32,115,0.00
57.664,-10.10,6.31,27.74,0.30,1.26,0.15,1013.6,17.2,-44.7,15.2,14.32,115,0.00
57.761,8.41,-4.70,-3.51,0.98,-0.16,0.22,1013.2,17.2,-50.0,15.2,14.32,115,0.00
57.858,12.74,-1.61,15.03,0.40,0.26,0.06,1013.8,17.4,-47.9,15.2,14.32,115,0.00
57.948,5.85,-0.17,19.75,0.61,-0.40,-0.11,1013.9,17.2,-43.7,15.2,14.32,115,0.00
58.045,-4.88,-4.02,-2.96,-0.07,-0.95,-0.33,1013.2,17.2,-43.7,15.2,14.32,115,0.00
58.166,12.72,11.15,39.21,0.78,-1.84,0.23,1013.8,17.2,-41.6,15.2,14.32,115,0.00
58.264,2.38,0.70,-6.83,-0.86,0.78,-0.12,1013.4,17.2,-44.7,15.2,14.32,115,0.00
58.361,-1.16,0.44,10.90,0.58,-0.09,0.11,1013.3,17.1,-50.0,15.2,14.32,115,0.00
58.461,9.12,2.90,17.70,-0.62,0.56,0.13,1013.3,17.2,-50.0,15.2,14.10,115,0.00
58.558,-3.60,1.97,18.65,-0.12,0.81,-0.58,1014.1,17.2,-44.7,15.2,14.10,115,0.00
58.655,2.83,7.47,29.68,1.49,-0.57,0.08,1014.1,17.2,-41.6,15.2,14.10,115,0.00
58.752,-10.07,-2.13,7.78,0.92,0.71,-0.36,1013.9,17.2,-46.8,15.2,14.10,115,0.00
58.849,6.93,0.89,19.33,0.37,-0.87,0.21,1013.9,17.1,-47.9,15.2,14.10,115,0.00
58.964,-1.35,-7.77,-7.60,-0.87,0.78,-0.34,1013.5,17.2,-43.7,15.2,14.10,115,0.00
59.062,3.43,3.16,25.18,-0.64,-1.83,0.53,1013.6,17.2,-44.7,15.2,14.10,114,0.00
59.159,21.93,5.91,24.83,0.38,-1.83,0.35,1013.5,17.2,-47.9,15.2,14.10,114,0.00
59.256,-8.15,-1.36,-0.48,0.60,-0.10,0.01,1013.1,17.1,-44.7,15.2,14.10,114,0.00
59.353,-3.34,-3.96,3.76,-0.23,-0.08,-0.17,1014.0,17.2,-47.9,15.2,14.10,114,0.00
59.554,9.91,-2.20,7.47,0.60,-0.87,-0.12,1014.0,17.2,-56.3,15.2,13.96,114,0.00
59.676,-2.71,-2.93,1.17,1.17,-0.05,-0.27,1013.8,17.2,-46.8,15.2,13.96,114,0.00
59.773,2.54,-4.46,-13.86,1.84,-0.42,0.28,1013.8,17.2,-44.7,15.2,13.96,114,0.00
59.870,2.00,-5.28,-2.67,-0.51,-0.37,-0.14,1013.5,17.1,-46.8,15.2,13.96,114,0.00
59.961,-6.34,-2.88,2.03,-0.57,1.35,-0.10,1013.2,17.2,-41.6,15.2,13.96,114,0.00
60.059,-0.41,2.18,8.50,-0.50,1.69,-0.24,1013.2,17.2,-50.0,15.2,13.96,97,0.00
60.156,-2.97,-1.75,-5.89,0.32,-0.16,-0.20,1013.7,17.2,-41.6,15.2,13.96,97,0.00
60.277,7.32,7.41,25.80,0.39,-0.51,0.04,1013.7,17.1,-43.7,15.2,13.96,97,0.00
60.374,3.23,-3.09,-5.41,-0.84,-1.35,0.31,1013.3,17.1,-56.3,15.2,13.96,97,0.00
60.465,-3.79,4.39,34.72,0.63,0.58,0.30,1013.3,17.1,-44.7,15.2,13.86,97,0.00
60.562,5.07,1.24,6.93,0.20,0.08,0.02,1013.8,17.2,-54.2,15.2,13.86,97,0.00
60.672,-5.75,-0.75,7.47,0.85,0.10,0.24,1013.9,17.1,-44.7,15.2,13.86,97,0.00
60.769,-1.79,-5.35,-7.01,0.38,-0.43,0.09,1013.7,17.1,-51.0,15.2,13.86,97,0.00
60.866,7.54,-3.89,-13.01,-0.05,-0.25,0.44,1013.5,17.2,-44.7,15.2,13.86,97,0.00
60.955,4.76,1.19,19.62,-0.03,-1.04,0.34,1013.9,17.2,-47.9,15.2,13.86,97,0.00
61.054,2.18,3.74,1.78,0.16,0.42,0.03,1013.5,17.1,-43.7,15.2,13.86,97,0.00
61.175,7.49,-1.21,21.81,0.69,-0.62,0.10,1013.7,17.1,-43.7,15.2,13.86,97,0.00
61.272,3.20,1.60,16.86,0.80,-0.49,0.35,1013.3,17.2,-47.9,15.2,13.86,97,0.00
61.369,-0.14,-3.73,-6.79,-0.62,1.18,-0.37,1013.7,17.1,-51.0,15.2,13.86,97,0.00
61.459,2.26,0.59,37.79,0.77,2.89,-0.67,1013.7,17.2,-57.3,15.2,13.83,97,0.00
61.557,-4.48,-9.54,-16.18,-0.70,1.35,-0.69,1013.6,17.2,-41.6,15.2,13.83,97,0.00
61.740,-3.52,-0.19,5.48,-0.35,0.03,0.32,1013.5,17.1,-43.7,15.2,13.83,97,0.00
61.765,8.86,2.19,34.41,-0.87,1.11,-0.43,1013.6,17.2,-47.9,15.2,13.83,97,0.00
61.863,6.21,-4.87,26.48,0.52,-1.51,-0.06,1013.6,17.3,-54.2,15.2,13.83,97,0.00
61.976,-0.58,-3.90,-0.48,0.14,0.16,-0.20,1013.5,17.2,-46.8,15.2,13.83,97,0.00
62.075,2.01,-6.15,6.52,-0.53,-0.62,-0.06,1013.7,17.2,-50.0,15.2,13.83,74,0.00
62.172,7.32,-3.26,-5.07,-1.12,0.01,0.06,1013.8,17.3,-59.4,15.2,13.83,74,0.00
62.269,7.12,-3.71,25.30,-0.77,-2.79,0.25,1013.7,17.1,-53.1,15.2,13.83,74,0.00
62.366,-3.23,3.75,35.05,-0.13,0.42,0.15,1014.0,17.1,-47.9,15.2,13.83,74,0.00
62.480,19.25,3.20,25.23,1.37,-1.75,0.21,1013.5,17.2,-47.9,15.2,13.91,74,0.00
62.577,-10.65,-0.94,6.90,-1.18,1.69,-0.09,1013.8,17.2,-44.7,15.2,13.91,74,0.00
62.674,-8.72,7.66,30.21,-2.00,1.33,0.37,1014.1,17.2,-51.0,15.2,13.91,74,0.00
62.806,-1.82,-0.12,3.13,1.20,0.03,-0.05,1013.8,17.1,-50.0,15.2,13.91,74,0.00
62.856,10.57,-5.45,-23.07,-0.96,-0.68,0.16,1013.5,16.9,-54.2,15.2,13.91,74,0.00
62.993,-4.53,-7.02,-19.20,-0.65,1.79,-0.26,1013.3,17.2,-44.7,15.2,13.91,74,0.00
63.068,7.01,-0.01,31.59,-0.95,1.31,-0.40,1013.9,17.1,-44.7,15.2,13.91,60,0.00
63.165,2.04,-1.58,11.09,0.48,-1.96,0.32,1013.6,17.2,-53.1,15.2,13.91,60,0.00
63.262,-4.10,-11.55,-21.00,-0.34,1.65,-0.43,1013.8,17.1,-53.1,15.2,13.91,60,0.00
63.359,-8.06,-1.16,23.74,0.24,0.50,-0.01,1013.7,17.0,-50.0,15.2,13.91,60,0.00
63.457,3.48,3.86,17.20,-0.25,-0.01,0.16,1013.4,17.0,-50.0,15.2,14.06,60,0.00
63.571,5.05,-3.55,-5.78,-1.29,-0.23,0.32,1013.6,17.2,-50.0,15.2,14.06,60,0.00
63.668,2.05,4.93,23.67,-0.80,1.22,-0.20,1013.5,17.2,-43.7,15.2,14.06,60,0.00
63.765,30.60,4.49,38.58,0.17,-2.27,0.72,1013.9,17.3,-50.0,15.2,14.06,60,0.00
63.873,6.64,4.61,43.76,-0.18,1.70,-0.59,1013.3,17.1,-46.8,15.2,14.06,60,0.00
63.971,-0.44,-0.63,1.20,-0.19,2.67,-0.83,1013.6,17.2,-46.8,15.2,14.06,60,0.00
64.062,7.23,0.12,9.36,0.47,-0.84,-0.06,1013.9,17.2,-50.0,15.2,14.06,60,0.00
64.159,2.22,4.19,32.32,-0.72,-1.45,0.20,1013.5,17.1,-44.7,15.2,14.06,60,0.00
64.256,1.22,-7.22,3.69,-0.80,-0.33,0.10,1013.2,17.1,-44.7,15.2,14.06,60,0.00
64.377,5.44,10.41,50.43,1.30,-0.48,0.38,1013.8,17.1,-44.7,15.2,14.06,60,0.00
64.475,-14.37,-11.53,-14.81,-0.72,2.71,-0.72,1013.6,17.1,-38.4,15.2,14.48,60,0.00
64.565,-5.45,1.48,9.21,-0.05,0.66,0.20,1014.1,17.1,-40.5,15.2,14.48,60,0.00
64.662,-9.08,1.13,4.63,-0.02,0.85,0.24,1013.9,17.1,-43.7,15.2,14.48,60,0.00
64.759,0.09,-8.08,-9.26,-0.29,-0.12,-0.07,1013.5,17.2,-46.8,15.2,14.48,60,0.00
64.856,-0.29,-14.94,-21.38,-0.60,0.12,-0.74,1013.6,17.2,-46.8,15.2,14.48,60,0.00
65.011,12.31,2.68,12.21,0.39,-0.36,0.24,1013.4,17.1,-41.6,15.2,14.48,60,0.00
65.078,-1.37,-3.17,-8.79,-0.95,0.07,-0.30,1013.8,17.0,-43.7,15.2,14.48,60,0.00
65.175,5.92,-7.48,8.91,-0.18,-0.53,0.15,1013.7,17.0,-46.8,15.2,14.48,60,0.00
65.273,3.75,0.82,21.64,0.09,-0.66,-0.47,1013.7,17.1,-44.7,15.2,14.48,53,0.00
65.370,-4.16,2.73,38.92,0.02,-1.36,0.38,1013.6,16.9,-44.7,15.2,14.48,53,0.00
65.468,-1.89,2.16,10.72,0.39,-0.75,-0.16,1013.3,17.1,-43.7,15.2,14.82,53,0.00
65.558,-0.34,2.34,25.08,0.78,-0.84,-0.05,1013.9,17.1,-37.4,15.2,14.82,53,0.00
65.656,-5.88,1.42,-5.32,0.77,-0.13,0.18,1013.3,17.1,-38.4,15.2,14.82,53,0.00
65.777,-3.24,-2.64,-1.30,0.89,0.71,-0.16,1013.5,17.2,-35.2,15.2,14.82,53,0.00
65.874,7.01,2.60,21.04,-0.28,-0.12,0.08,1013.7,17.1,-44.7,15.2,14.82,53,0.00
65.971,16.23,1.65,18.76,0.48,-1.09,0.43,1013.7,17.1,-50.0,15.2,14.82,53,0.00
66.097,27.19,1.95,4.65,0.37,-2.47,0.58,1013.6,17.2,-46.8,15.2,14.82,64,0.00
66.171,0.87,-0.97,9.33,0.22,0.85,-0.18,1013.8,17.2,-47.9,15.2,14.82,64,0.00
66.268,-7.65,-3.17,-8.94,-0.40,3.11,-0.26,1013.7,17.2,-74.2,15.2,14.82,64,0.00
66.365,3.08,2.82,11.81,0.08,1.11,0.21,1014.0,17.2,-137.3,15.2,14.82,64,0.00
66.463,14.38,7.08,42.79,-0.32,-0.05,0.19,1014.0,17.2,-56.3,15.2,15.04,64,0.00
66.577,14.36,0.56,20.51,-0.41,0.35,-0.22,1013.9,17.2,-47.9,15.2,15.04,64,0.00
66.675,3.24,-0.03,40.90,-0.80,-2.50,0.70,1013.8,17.1,-136.2,15.2,15.04,64,0.00
66.772,-6.83,-2.60,-2.94,0.18,0.06,0.12,1013.8,17.2,-114.2,15.2,15.04,64,0.00
66.869,-7.21,-0.08,-2.97,0.33,0.80,-0.02,1013.6,17.2,-51.0,15.2,15.04,64,0.00
66.966,-4.27,-0.14,-3.31,-0.10,-0.76,-0.33,1013.9,17.2,-44.7,15.2,15.04,64,0.00
67.081,1.92,0.00,4.06,0.42,-2.69,0.75,1013.7,17.2,-57.3,15.2,15.04,64,0.00
67.166,-2.26,2.16,30.72,1.11,-0.59,0.27,1013.5,17.4,-51.0,15.2,15.04,64,0.00
67.263,21.79,1.36,17.23,-0.55,0.41,0.59,1013.5,17.0,-47.9,15.2,15.04,64,0.00
67.360,-5.20,0.13,2.82,1.93,3.21,-0.82,1013.7,17.2,-54.2,15.2,15.04,64,0.00
67.458,5.36,7.56,18.24,0.09,0.58,0.19,1013.9,17.2,-43.7,15.2,15.31,64,0.00
67.555,12.49,1.18,28.06,0.96,-1.25,0.48,1013.8,17.2,-46.8,15.2,15.31,64,0.00
67.669,6.24,4.68,44.57,0.36,-0.06,0.03,1013.5,17.1,-43.7,15.2,15.31,64,0.00
67.766,0.24,-5.53,14.71,-0.22,-1.55,0.04,1013.3,17.3,-43.7,15.2,15.31,64,0.00
67.864,6.56,-8.47,15.22,0.06,-1.98,-0.58,1013.5,17.2,-40.5,15.2,15.31,73,0.00
67.961,4.53,4.89,28.81,-0.06,-0.68,0.11,1013.7,17.0,-47.9,15.2,15.31,73,0.00
68.058,-0.90,-7.47,7.13,-0.93,1.40,-0.01,1013.6,17.3,-43.7,15.2,15.31,73,0.00
68.281,11.24,0.94,15.35,0.07,0.56,-0.02,1013.2,17.1,-46.8,15.2,15.31,73,0.00
68.403,-14.73,6.11,31.74,-0.19,0.82,-0.23,1013.6,17.2,-35.2,15.2,15.43,73,0.00
68.500,6.02,-2.48,9.38,0.57,1.74,-0.37,1013.9,17.2,-44.7,15.2,15.43,73,0.00
68.613,8.30,-2.78,-4.83,0.79,0.68,0.40,1013.0,17.2,-51.0,15.2,15.43,73,0.00
68.687,2.54,-0.78,6.42,-0.10,0.30,0.02,1013.7,17.1,-41.6,15.2,15.43,73,0.00
68.784,-4.91,-5.10,-27.60,-1.08,2.67,-0.01,1013.7,17.0,-46.8,15.2,15.43,73,0.00
68.882,14.95,4.19,43.72,0.58,-1.55,0.54,1014.0,17.1,-46.8,15.2,15.43,62,0.00
69.003,2.17,-1.99,-5.78,-0.50,0.74,-0.08,1014.1,17.1,-46.8,15.2,15.43,62,0.00
69.117,-6.65,-3.20,0.61,-0.58,0.01,-0.22,1013.8,17.2,-41.6,15.2,15.43,62,0.00
69.191,12.94,0.46,19.85,0.36,-0.81,-0.24,1013.9,17.1,-43.7,15.2,15.43,62,0.00
69.288,-2.92,-3.78,4.33,0.19,0.02,-0.41,1013.7,17.2,-46.8,15.2,15.43,62,0.00
69.397,-9.62,-6.24,-15.50,-0.90,2.22,-0.51,1013.8,17.2,-47.9,15.2,15.43,62,0.00
69.495,4.25,-3.44,1.18,-0.30,-0.99,0.09,1013.6,17.2,-44.7,15.2,15.47,62,0.00
69.592,3.81,-2.65,3.90,-0.67,0.99,-0.01,1013.8,17.2,-44.7,15.2,15.47,62,0.00
69.682,-11.71,-6.35,27.37,-0.35,1.17,-0.14,1013.9,17.1,-43.7,15.2,15.47,62,0.00
69.803,7.27,-0.47,5.23,0.17,-0.75,-0.05,1013.8,17.0,-44.7,15.2,15.47,0,0.00
69.900,-8.00,-2.17,10.65,-0.29,0.39,-0.10,1013.6,17.2,-44.7,15.2,15.47,0,0.00
69.997,8.66,7.01,27.31,0.46,-0.95,-0.01,1013.8,17.2,-44.7,15.2,15.47,0,0.00
70.094,4.80,-0.12,-2.87,0.86,0.58,-0.06,1013.6,17.2,-46.8,15.2,15.47,0,0.00
70.184,-5.41,-3.28,9.68,-0.11,0.14,-0.13,1013.7,17.1,-41.6,15.2,15.47,0,0.00
70.281,10.96,-2.08,23.69,0.19,-0.60,0.01,1013.4,17.1,-47.9,15.2,15.47,0,0.00
70.412,-6.85,1.13,25.52,0.47,1.25,-0.24,1013.5,17.1,-41.6,15.2,15.31,0,0.00
70.486,9.05,-2.60,12.96,-0.74,-1.77,0.17,1013.4,17.1,-51.0,15.2,15.31,0,0.00
70.583,1.72,7.69,25.44,-0.16,0.80,0.32,1013.4,17.2,-43.7,15.2,15.31,0,0.00
70.697,2.26,-3.05,2.52,-0.43,0.39,-0.27,1013.3,17.1,-43.7,15.2,15.31,0,0.00
70.794,-13.05,1.27,13.21,-0.56,2.59,0.06,1013.9,17.1,-40.5,15.2,15.31,0,0.00
70.892,-2.31,-4.92,2.88,-0.33,-0.76,0.13,1013.8,17.2,-46.8,15.2,15.31,0,0.00
70.989,4.52,-1.54,8.09,-0.91,-0.42,0.10,1013.4,17.1,-44.7,15.2,15.31,0,0.00
71.086,3.76,-2.34,2.00,-0.56,-0.02,-0.15,1013.5,17.1,-43.7,15.2,15.31,0,0.00
71.200,-3.90,-5.20,15.35,-0.55,0.73,-0.31,1013.8,17.1,-43.7,15.2,15.31,0,0.00
71.297,-3.85,2.54,24.25,0.11,-0.38,0.05,1013.3,17.2,-47.9,15.2,15.31,0,0.00
71.394,4.08,0.59,18.51,0.31,-0.81,-0.05,1013.7,17.1,-44.7,15.2,15.31,0,0.00
71.556,10.85,-4.12,1.85,0.45,-0.57,0.13,1013.8,17.1,-54.2,15.2,14.94,0,0.00
71.581,-3.57,-15.23,-27.69,0.38,-1.20,0.46,1013.4,17.1,-44.7,15.2,14.94,0,0.00
71.696,-5.91,-7.00,-12.91,0.72,-1.61,0.47,1013.7,17.2,-40.5,15.2,14.94,0,0.00
71.793,3.85,0.58,18.68,0.47,-0.50,0.18,1013.6,17.2,-43.7,15.2,14.94,0,0.00
71.891,-1.05,-3.08,-2.09,0.25,-0.15,-0.13,1013.2,17.1,-43.7,15.2,14.94,0,0.00
71.988,11.99,3.34,16.98,0.36,-2.15,0.47,1013.5,17.1,-44.7,15.2,14.94,0,0.00
72.085,1.68,2.83,18.79,0.03,-0.81,0.26,1013.5,17.0,-46.8,15.2,14.94,0,0.00
72.199,-6.10,-0.19,11.37,0.22,0.53,0.04,1013.5,17.1,-41.6,15.2,14.94,0,0.00
72.296,13.62,1.45,14.90,0.83,-2.23,0.52,1013.4,17.1,-43.7,15.2,14.94,0,0.00
72.393,5.21,-3.04,1.85,0.28,-0.08,-0.06,1013.7,17.0,-46.8,15.2,14.94,0,0.00
72.491,0.19,-7.15,-26.31,0.62,-2.47,0.63,1013.8,17.1,-43.7,15.2,14.15,0,0.00
72.623,1.89,-3.09,8.63,0.12,0.19,0.04,1013.7,17.1,-40.5,15.2,14.15,0,0.00
72.689,-0.42,-0.90,4.75,0.08,0.39,-0.10,1013.7,17.1,-43.7,15.2,14.15,0,0.00
72.787,0.29,0.81,16.51,0.76,-0.13,0.16,1013.2,17.1,-37.4,15.2,14.15,0,0.00
72.885,-2.68,-3.71,7.52,-0.26,-0.23,-0.01,1013.7,17.1,-41.6,15.2,14.15,0,0.00
72.982,-3.58,-0.52,15.85,-0.35,0.05,0.03,1013.6,17.1,-43.7,15.2,14.15,0,0.00
73.103,3.30,-2.86,20.66,0.00,-0.89,0.05,1013.9,17.1,-46.8,15.2,14.15,0,0.00
73.192,9.26,4.10,32.90,0.14,-1.34,0.29,1013.4,17.2,-100.5,15.2,14.15,0,0.00
73.290,4.39,0.00,38.26,0.70,0.04,0.38,1013.1,17.1,-56.3,15.2,14.15,0,0.00
73.387,-3.05,-3.09,-0.70,0.99,-0.25,-0.30,1013.5,17.2,-53.1,15.2,14.15,0,0.00
73.485,-5.80,-8.75,-6.52,-0.97,0.57,-0.11,1013.7,17.2,-95.2,15.2,13.40,0,0.00
73.582,2.02,-1.17,4.99,0.61,-1.14,0.04,1013.5,17.2,-73.1,15.2,13.40,0,0.00
73.690,1.35,-0.50,1.24,-0.37,0.39,-0.20,1013.6,17.2,-50.0,15.2,13.40,0,0.00
73.781,-5.43,-2.73,5.32,0.36,0.49,-0.30,1013.9,17.3,-59.4,15.2,13.40,0,0.00
73.903,-2.73,-0.02,7.33,0.19,0.20,-0.23,1014.0,17.2,-53.1,15.2,13.40,0,0.00
74.000,-1.58,-1.75,8.45,0.23,0.17,-0.18,1013.6,17.1,-59.4,15.2,13.40,0,0.00
74.097,-2.65,2.48,9.76,0.74,0.32,-0.48,1013.6,17.0,-34.2,15.2,13.40,0,0.00
74.194,-1.19,-0.34,10.80,0.00,0.31,-0.42,1013.9,17.2,-70.0,15.2,13.40,0,0.00
74.284,1.98,-2.93,9.25,-0.19,-0.49,-0.31,1013.7,17.3,32.1,15.3,13.40,0,26.11
74.381,-0.19,0.79,9.39,0.25,-0.10,-0.60,1014.1,17.2,14.2,15.3,13.40,0,17.37
74.503,-0.50,-1.79,8.13,-0.00,0.20,-0.80,1013.7,17.4,-1.6,15.2,12.93,0,0.00
74.600,0.82,-1.04,9.43,-0.07,0.03,-0.90,1013.4,17.2,-51.0,15.2,12.93,0,0.00
74.697,1.00,-1.75,13.38,-0.28,-0.17,-0.72,1013.5,17.3,-85.7,15.2,12.93,0,0.00
74.851,-0.29,-0.01,12.67,-0.05,0.08,-0.76,1013.9,17.2,-37.4,15.2,12.93,0,0.00
74.901,2.83,0.81,8.49,0.61,-0.02,-0.80,1014.2,17.2,-34.2,15.2,12.93,0,0.00
74.998,0.72,0.82,9.39,-0.34,-0.11,-0.62,1013.6,17.2,-34.2,15.2,12.93,0,0.00
75.095,2.05,1.65,9.36,0.10,-0.01,-0.69,1013.8,17.4,36.3,15.3,12.93,0,27.77
75.192,2.35,0.84,8.02,-0.45,-0.00,-0.86,1013.7,17.4,-71.0,15.2,12.93,0,0.00
75.282,1.94,2.40,5.47,0.76,-0.41,-0.60,1013.7,17.2,-1.6,15.2,12.93,0,0.00
75.403,-3.90,0.02,10.46,0.07,-0.26,-0.52,1013.5,17.3,-16.3,15.2,12.35,0,0.00
75.500,2.85,0.54,8.86,0.07,0.03,-0.69,1013.6,17.2,-31.0,15.2,12.35,0,0.00
75.597,-0.45,-1.33,7.64,-0.39,0.03,-1.06,1013.7,17.4,-59.4,15.2,12.35,0,0.00
75.694,-0.74,4.14,8.20,-0.51,-0.10,-0.43,1013.6,17.4,-38.4,15.2,12.35,0,0.00
75.784,0.92,3.17,9.77,1.04,0.14,-0.16,1013.7,17.2,-43.7,15.2,12.35,0,0.00
75.894,-0.31,0.67,10.02,0.39,0.10,-0.10,1013.5,17.3,-40.5,15.2,12.35,0,0.00
75.992,0.33,-1.63,10.79,-0.29,-0.03,0.30,1013.5,17.2,-34.2,15.2,12.35,0,0.00
76.089,1.13,-1.11,9.68,0.34,0.01,0.15,1013.4,17.4,-35.2,15.2,12.35,0,0.00
76.186,3.06,1.32,10.70,0.06,-0.01,0.15,1013.7,17.4,-28.9,15.2,12.35,0,0.00
76.300,0.98,-0.80,9.68,0.40,0.04,-0.06,1013.4,17.3,-31.0,15.2,12.35,0,0.00
76.397,1.46,1.36,10.04,-0.03,0.00,0.03,1013.9,17.3,-37.4,15.2,12.35,0,0.00
76.495,2.46,0.70,10.00,-0.03,-0.00,0.02,1013.4,17.1,-44.7,15.2,12.35,0,0.00
76.592,0.68,0.41,4.61,0.10,-0.08,-0.25,1013.4,17.3,-87.9,15.2,12.35,0,0.00
76.689,3.46,0.08,8.95,-0.27,-0.01,-0.46,1013.7,17.3,-132.0,15.2,12.35,0,0.00
76.803,0.97,2.49,10.31,0.15,0.13,-0.58,1013.7,17.5,-57.3,15.2,12.35,0,0.00
76.900,2.63,-0.97,8.83,0.06,-0.05,-0.87,1013.4,17.2,-71.0,15.2,12.35,0,0.00
77.048,2.05,1.52,8.69,0.21,0.07,-0.68,1013.2,17.2,-35.2,15.2,12.35,0,0.00
77.098,0.28,-2.76,10.47,-0.13,-0.04,-0.61,1013.2,17.2,-32.1,15.2,12.35,0,0.00
77.195,0.96,-1.47,9.20,-0.23,-0.04,-0.53,1014.2,17.2,-31.0,15.2,12.35,0,0.00
77.284,0.19,0.47,11.14,-0.06,0.06,-0.49,1013.9,17.2,-3.7,15.2,12.35,0,0.00
77.382,1.65,-3.51,8.18,-0.25,0.03,-0.67,1013.6,17.3,68.9,15.3,12.35,0,38.26
77.504,2.12,-1.97,9.50,0.29,0.01,-0.87,1013.6,17.4,116.3,15.3,11.80,0,49.70
77.601,1.11,-2.84,12.24,-0.33,-0.09,-0.72,1013.5,17.2,-34.2,15.2,11.80,0,0.00
77.698,0.83,0.25,8.12,0.49,-0.05,-0.66,1013.6,17.3,88.9,15.3,11.80,0,43.46
77.787,-0.45,-1.11,9.23,-0.28,-0.08,-0.85,1014.0,17.4,95.2,15.3,11.80,0,44.98
77.886,1.20,-0.15,9.22,-0.49,0.03,-1.04,1013.5,17.3,17.4,15.3,11.80,0,19.21
77.983,1.76,-3.38,4.01,-0.76,-0.19,-1.40,1013.6,17.2,113.1,15.3,11.80,0,49.02
78.116,1.74,0.26,11.78,-1.76,-0.51,-1.20,1013.7,17.3,73.1,15.3,11.80,0,39.42
78.190,2.33,2.86,12.79,0.01,-0.12,-0.99,1013.6,17.4,94.2,15.3,11.80,0,44.73
78.303,2.05,3.10,12.77,0.31,0.07,-1.00,1013.6,17.5,131.0,15.3,11.80,0,52.75
78.401,1.80,-1.32,14.01,-0.46,-0.06,-0.83,1013.3,17.4,123.6,15.3,11.80,0,51.25
78.498,2.95,-1.19,6.71,-0.22,-0.28,-0.76,1014.1,17.4,116.3,15.3,11.80,0,49.70
78.595,3.44,-1.23,8.75,-0.47,-0.11,-0.83,1014.0,17.3,104.7,15.3,11.80,0,47.16
78.693,3.79,0.13,12.03,-0.58,0.01,-0.78,1013.8,17.4,85.7,15.3,11.80,0,42.68
78.806,-2.21,-4.38,12.22,-0.56,-0.29,-0.43,1014.0,17.4,111.0,15.3,11.80,0,48.56
78.904,1.37,3.50,8.73,0.37,0.13,-0.28,1013.6,17.5,20.5,15.3,11.80,0,20.88
79.001,2.59,-3.35,9.17,0.24,-0.23,-0.25,1013.9,17.6,113.1,15.3,11.80,0,49.02
79.098,-1.11,-2.05,10.82,-0.35,0.27,-0.31,1013.9,17.4,39.5,15.3,11.80,0,28.95
79.183,4.10,-0.73,8.95,-0.08,-0.26,-0.25,1013.5,17.5,48.9,15.3,11.80,0,32.24
79.281,2.23,-0.17,9.79,-0.22,0.03,-0.17,1014.2,17.6,64.7,15.3,11.80,0,37.08
79.395,1.48,1.40,11.11,0.15,-0.23,-0.03,1013.5,17.5,36.3,15.3,11.80,0,27.77
79.493,3.56,-3.64,11.10,-0.01,0.02,-0.05,1013.8,17.6,19.5,15.3,0.18,0,20.34
79.590,3.93,-1.10,12.71,-0.46,-0.23,0.06,1013.0,17.5,22.6,15.3,0.18,0,21.92
79.688,3.44,-0.76,10.77,-0.17,0.07,0.10,1013.3,17.6,-32.1,15.2,0.18,0,0.00
79.785,-3.06,-1.81,7.56,0.18,0.27,0.04,1013.5,17.3,-32.1,15.2,0.18,0,0.00
79.899,-1.87,-0.35,11.43,-0.40,-0.10,0.24,1013.2,17.4,-38.4,15.2,0.18,0,0.00
79.996,4.86,2.27,7.55,0.42,-0.18,0.38,1013.7,17.2,-37.4,15.2,0.18,0,0.00
80.093,-0.54,-2.69,7.58,0.06,0.05,0.26,1013.2,17.6,-35.2,15.2,0.18,0,0.00
80.190,2.52,-2.19,8.65,0.30,0.14,-0.15,1013.9,17.6,-37.4,15.2,0.18,0,0.00
80.325,2.16,-1.87,11.89,-0.40,0.15,0.11,1013.7,17.4,-43.7,15.2,0.18,0,0.00
80.392,-0.31,-2.00,6.10,-0.34,0.47,0.02,1013.9,17.3,-40.5,15.2,0.18,0,0.00
80.490,4.69,-1.44,13.00,-0.39,-0.25,0.24,1013.5,17.4,-38.4,15.2,0.18,0,0.00
80.587,-0.05,-0.25,7.88,-0.17,-0.15,0.25,1013.4,17.4,-37.4,15.2,0.18,0,0.00
80.685,-1.32,-0.71,8.15,0.27,0.32,0.36,1013.8,17.3,-40.5,15.2,0.18,0,0.00
80.782,-1.95,-0.84,8.72,0.10,0.12,0.65,1014.1,17.3,-41.6,15.2,0.18,0,0.00
80.896,2.70,0.01,12.45,0.21,0.00,0.11,1013.6,17.4,-41.6,15.2,0.18,0,0.00
80.993,-1.71,2.51,19.68,0.16,0.38,-0.07,1013.7,17.4,-40.5,15.2,0.18,0,0.00
81.090,5.60,-6.42,10.66,-2.02,-0.58,0.16,1013.9,17.5,-38.4,15.2,0.18,0,0.00
81.187,2.60,-2.61,8.17,-0.21,-0.68,0.08,1013.8,17.5,-43.7,15.2,0.18,0,0.00
81.284,-1.08,-1.69,6.02,0.33,0.23,-0.24,1013.7,17.5,-40.5,15.2,0.18,0,0.00
81.409,5.13,0.96,11.24,0.58,0.07,-0.20,1013.6,17.5,-40.5,15.2,0.18,0,0.00
81.483,3.98,1.31,11.27,-0.28,-0.28,-0.03,1013.8,17.5,-40.5,15.2,0.18,0,0.00
81.604,-2.76,-0.67,13.99,-0.10,0.55,-0.39,1013.4,17.4,-43.7,15.2,0.18,0,0.00
81.701,-0.29,0.65,10.95,0.08,-0.35,-0.28,1014.0,17.4,-37.4,15.2,0.18,0,0.00
81.798,3.77,1.04,10.52,0.48,0.10,-0.33,1013.6,17.3,-38.4,15.2,0.18,0,0.00
81.887,0.82,-1.03,10.09,-0.24,0.09,-0.46,1013.7,17.4,-40.5,15.2,0.18,0,0.00
81.985,5.75,-0.64,9.18,0.10,0.15,-0.12,1013.9,17.4,-35.2,15.2,0.18,0,0.00
82.082,-0.75,-1.06,10.85,-0.14,0.24,-0.16,1014.0,17.4,-38.4,15.2,0.18,0,0.00
82.203,1.05,-1.90,6.07,0.09,0.00,-0.17,1013.8,17.3,-40.5,15.2,0.18,0,0.00
82.300,0.70,-1.35,9.00,-0.63,0.25,-0.14,1013.5,17.3,-38.4,15.2,0.18,0,0.00
82.389,-1.36,-0.65,8.05,0.21,0.14,-0.24,1014.3,17.4,-40.5,15.2,0.18,0,0.00
82.500,4.65,-0.60,7.44,0.19,0.28,-0.24,1013.9,17.2,-41.6,15.2,0.18,0,0.00
82.597,0.32,-1.16,9.91,0.33,0.19,-0.24,1013.8,17.4,-40.5,15.2,0.18,0,0.00
82.694,-2.72,-1.85,0.72,0.61,0.07,-0.24,1013.8,17.4,-41.6,15.2,0.18,0,0.00
82.791,5.32,0.27,20.67,-0.46,-0.30,0.08,1013.4,17.5,-43.7,15.2,0.18,0,0.00
82.904,-9.55,-3.09,9.43,0.04,0.63,-0.16,1013.8,17.5,-41.6,15.2,0.18,0,0.00
83.002,-3.14,0.44,14.88,0.22,-0.12,0.38,1013.7,17.2,-43.7,15.2,0.18,0,0.00
83.099,0.93,-3.34,2.57,0.43,-0.31,0.12,1013.8,17.4,-41.6,15.2,0.18,0,0.00
83.196,2.83,-0.71,7.22,-0.29,-0.42,0.10,1013.4,17.4,-44.7,15.2,0.18,0,0.00
83.293,6.28,1.64,12.86,-0.00,-0.39,0.07,1013.8,17.4,-40.5,15.2,0.18,0,0.00
83.406,8.85,0.52,10.20,-0.03,-0.78,0.01,1013.7,17.4,-43.7,15.2,0.18,0,0.00
83.616,-0.83,-1.92,15.18,-0.44,0.20,-0.08,1013.6,17.4,-44.7,15.2,0.18,0,0.00
83.738,6.41,3.40,11.36,0.69,-0.75,0.33,1013.3,17.2,-40.5,15.2,0.18,0,0.00
83.835,6.92,0.13,10.98,0.16,-1.05,0.19,1014.0,17.4,-41.6,15.2,0.18,0,0.00
83.924,1.57,0.27,11.50,0.06,-0.14,0.11,1013.7,17.5,-43.7,15.2,0.18,0,0.00
84.022,4.78,1.03,12.42,0.01,0.11,0.29,1013.5,17.3,-40.5,15.2,0.18,0,0.00
84.119,0.14,-0.62,9.35,0.18,-0.09,0.28,1013.8,17.4,-41.6,15.2,0.18,0,0.00
84.216,3.69,-1.69,8.45,0.46,-0.96,0.31,1013.7,17.4,-41.6,15.2,0.18,0,0.00
84.337,-1.00,0.11,17.57,-0.32,0.53,0.22,1013.4,17.4,-46.8,15.2,0.18,0,0.00
84.426,-6.40,-1.28,21.74,-0.23,-0.01,0.14,1013.5,17.2,-44.7,15.2,0.18,0,0.00
84.524,11.70,1.48,18.39,0.19,-1.05,0.13,1013.6,17.4,-40.5,15.2,0.18,0,0.00
84.621,1.24,0.03,11.88,0.11,0.48,-0.15,1013.9,17.4,-43.7,15.2,0.18,0,0.00
84.729,1.05,2.21,20.76,0.07,-0.01,0.01,1014.0,17.3,-41.6,15.2,0.18,0,0.00
84.826,-2.54,0.28,11.24,0.10,1.51,-0.60,1013.8,17.4,-41.6,15.2,0.18,0,0.00
84.939,-1.65,2.83,17.04,0.05,-0.30,0.22,1013.6,17.2,-44.7,15.2,0.18,0,0.00
85.037,-7.09,-1.87,10.05,-0.22,1.12,0.00,1013.5,17.3,-41.6,15.2,0.18,0,0.00
85.134,6.49,0.84,6.13,0.07,-1.08,0.10,1013.3,17.4,-41.6,15.2,0.18,0,0.00
85.231,-11.22,-6.53,5.89,1.35,0.60,-0.41,1013.4,17.2,-37.4,15.2,0.18,0,0.00
85.328,8.12,3.31,6.50,0.88,-1.42,0.49,1013.6,17.3,-41.6,15.2,0.18,0,0.00
85.441,-2.33,-4.89,-0.46,0.10,-0.66,-0.14,1013.6,17.2,-44.7,15.2,7.06,0,0.00
85.539,11.87,0.02,7.16,0.51,-1.18,0.16,1013.7,17.5,-40.5,15.2,7.06,0,0.00
85.636,4.24,-1.73,-0.81,0.21,0.73,0.06,1013.9,17.4,-44.7,15.2,7.06,0,0.00
85.744,0.21,-1.32,-0.65,0.26,-0.54,0.10,1013.6,17.2,-44.7,15.2,7.06,0,0.00
85.818,-2.55,-2.13,4.99,0.52,-0.18,-0.11,1013.7,17.4,-38.4,15.2,7.06,0,0.00
85.955,1.74,-0.43,4.05,0.20,-0.73,0.31,1014.2,17.4,-46.8,15.2,7.06,0,0.00
86.029,-3.17,-1.81,6.02,0.53,0.81,-0.12,1013.5,17.5,-46.8,15.2,7.06,0,0.00
86.126,3.14,3.04,10.28,-0.33,1.50,-0.15,1013.5,17.4,-43.7,15.2,7.06,0,0.00
86.223,-4.67,4.30,14.31,0.83,0.23,-0.21,1014.0,17.4,-38.4,15.2,7.06,0,0.00
86.320,2.85,0.42,4.70,0.60,0.66,-0.19,1013.4,17.2,-43.7,15.2,7.06,0,0.00
86.417,-2.09,0.46,17.05,0.16,-0.19,-0.01,1014.0,17.4,-43.7,15.2,7.06,0,0.00
86.530,-1.25,2.55,11.04,0.34,0.97,-0.01,1014.0,17.6,-40.5,15.2,7.06,0,0.00
86.627,-6.80,-3.06,6.41,0.18,-0.17,-0.31,1014.2,17.3,-40.5,15.2,7.06,0,0.00
86.725,-2.34,-4.67,-1.70,0.76,0.37,-0.65,1013.5,17.2,-46.8,15.2,7.06,0,0.00
86.887,-2.04,-0.40,9.81,-0.05,0.20,-0.20,1013.9,17.3,-37.4,15.2,7.06,0,0.00
86.937,13.04,-5.53,2.30,-0.12,-0.83,0.08,1013.8,17.2,-43.7,15.2,7.06,0,0.00
87.026,-3.89,-4.11,-0.82,-1.29,0.70,-0.19,1013.8,17.3,-43.7,15.2,7.06,0,0.00
87.123,-11.36,-5.00,-2.12,-0.87,1.05,-0.26,1013.5,17.2,-44.7,15.2,7.06,0,0.00
87.220,2.54,1.73,6.00,-0.37,0.46,-0.06,1013.9,17.2,-43.7,15.2,7.06,0,0.00
87.317,3.71,0.26,3.94,0.55,-0.55,0.39,1014.1,17.5,-44.7,15.2,7.06,0,0.00
87.438,8.07,-0.28,8.04,0.63,-0.39,0.01,1013.5,17.4,-41.6,15.2,7.06,0,0.00
87.527,1.43,-1.03,4.48,0.07,0.74,-0.08,1013.7,17.4,-44.7,15.2,7.06,0,0.00
87.624,6.14,-1.15,7.45,0.22,-0.35,-0.21,1014.0,17.3,-44.7,15.2,7.06,0,0.00
87.722,-2.31,-4.96,-7.53,-0.33,0.22,-0.12,1014.1,17.5,-54.2,15.2,7.06,0,0.00
87.819,-8.04,-3.65,4.17,0.22,2.32,-0.19,1013.7,17.4,-44.7,15.2,7.06,0,0.00
87.952,1.24,-5.45,-3.74,-0.13,0.14,-0.26,1013.7,17.3,-43.7,15.2,7.06,0,0.00
88.018,8.42,-2.04,15.62,0.45,-0.84,-0.22,1013.7,17.3,-46.8,15.2,7.06,0,0.00
88.139,2.13,-3.25,-2.33,-0.31,0.44,-0.08,1013.8,17.4,-46.8,15.2,7.06,0,0.00
88.236,4.44,1.57,17.98,-0.50,0.97,-0.00,1013.7,17.1,-46.8,15.2,7.06,0,0.00
88.333,-1.66,-0.61,17.65,-0.39,0.75,-0.12,1013.5,17.4,-50.0,15.2,7.06,0,0.00
88.430,6.19,4.35,16.61,0.33,-0.93,0.12,1013.6,17.4,-44.7,15.2,7.82,0,0.00
88.521,-0.22,-0.50,8.99,-0.24,0.59,-0.01,1014.0,17.5,-44.7,15.2,7.82,0,0.00
88.618,19.79,6.82,16.13,0.36,-1.28,0.21,1014.0,17.4,-43.7,15.2,7.82,52,0.00
88.739,-3.00,-2.18,12.80,0.22,0.33,0.09,1013.8,17.3,-51.0,15.2,7.82,52,0.00
88.836,-3.46,2.93,9.46,-0.22,0.49,-0.07,1014.1,17.3,-41.6,15.2,7.82,52,0.00
88.933,-0.35,4.33,2.79,1.81,-0.69,0.01,1013.7,17.2,-46.8,15.2,7.82,52,0.00
89.034,4.07,3.01,13.24,-0.02,-0.82,0.22,1013.6,17.4,-46.8,15.2,7.82,52,0.00
89.132,-1.13,0.37,10.49,-0.02,0.20,0.01,1013.6,17.4,-21.6,15.2,7.82,52,0.00
89.229,-0.42,-6.11,2.13,-0.50,0.93,-0.26,1013.8,17.5,-44.7,15.2,7.82,52,0.00
89.326,1.10,2.52,14.76,0.37,1.08,0.03,1014.3,17.4,-35.2,15.2,7.82,52,0.00
89.423,1.04,2.29,12.52,0.46,-0.03,-0.03,1013.6,17.3,45.8,15.3,8.40,52,31.18
89.538,-13.85,-2.18,11.13,1.02,-0.92,0.21,1013.7,17.4,51.0,15.3,8.40,52,32.93
89.635,2.04,-3.77,9.98,0.40,-0.29,-0.09,1014.2,17.3,16.3,15.3,8.40,52,18.61
89.733,-0.86,-3.34,6.78,0.56,-0.65,-0.21,1013.6,17.4,-57.3,15.2,8.40,52,0.00
89.830,-5.53,-2.79,8.34,0.09,0.74,-0.32,1013.8,17.3,-47.9,15.2,8.40,52,0.00
89.927,6.45,1.28,16.90,0.17,0.18,-0.24,1013.6,17.4,-50.0,15.2,8.40,52,0.00
90.016,-1.93,-0.97,8.19,-0.60,-1.00,0.11,1013.5,17.2,-44.7,15.2,8.40,52,0.00
90.152,4.47,-2.56,0.40,0.06,-1.24,0.15,1013.8,17.3,-46.8,15.2,8.40,52,0.00
90.226,-2.85,0.20,7.41,0.28,-0.67,-0.10,1013.8,17.5,-159.4,15.2,8.40,52,0.00
90.323,3.16,-1.28,17.79,-0.84,-0.42,-0.01,1013.6,17.2,73.1,15.3,8.40,52,39.42
90.420,11.89,-1.19,1.39,-0.09,-1.28,0.21,1013.4,17.3,47.9,15.3,9.01,52,31.89
90.534,1.27,4.11,9.57,-0.26,0.43,-0.32,1013.3,17.4,57.3,15.3,9.01,52,34.90
90.632,-4.62,-3.92,-7.00,0.75,0.75,0.00,1013.3,17.4,65.8,15.3,9.01,53,37.38
90.730,-1.75,-1.77,11.34,-0.20,-0.24,0.41,1013.2,17.4,98.4,15.3,9.01,53,45.72
90.827,-1.07,0.56,4.73,0.20,0.24,0.33,1013.9,17.6,52.1,15.3,9.01,53,33.26
90.924,1.93,-2.45,-1.08,0.45,-0.03,0.18,1013.8,17.4,35.2,15.3,9.01,53,27.36
91.037,-3.45,-3.17,10.01,0.13,0.32,0.02,1014.0,17.3,58.4,15.3,9.01,53,35.22
91.135,12.54,5.30,32.59,-0.30,-1.39,0.42,1013.8,17.3,72.1,15.3,9.01,53,39.13
91.220,2.14,0.37,21.09,0.40,-0.68,0.25,1013.8,17.5,-10.0,15.2,9.01,53,0.00
91.318,8.67,-3.82,12.81,-0.20,-0.70,0.04,1013.7,17.4,-53.1,15.2,9.01,53,0.00
91.439,10.49,7.02,27.61,0.86,-0.66,0.08,1013.5,17.4,-47.9,15.2,9.44,53,0.00
91.553,0.68,0.11,0.07,0.18,0.34,0.05,1013.7,17.4,-47.9,15.2,9.44,53,0.00
91.627,5.79,2.20,6.13,0.30,-0.71,0.31,1013.9,17.4,-44.7,15.2,9.44,53,0.00
91.725,1.85,-4.52,5.83,0.02,-0.16,0.03,1014.0,17.4,-50.0,15.2,9.44,53,0.00
91.822,7.52,0.61,5.54,0.46,0.71,-0.41,1013.6,17.5,-50.0,15.2,9.44,53,0.00
91.919,3.66,-3.86,3.97,-0.46,-0.06,-0.12,1013.9,17.6,-43.7,15.2,9.44,53,0.00
92.016,7.03,2.34,9.98,-0.03,-0.95,0.26,1013.8,17.4,-40.5,15.2,9.44,53,0.00
92.130,-0.23,-1.88,12.62,0.17,1.12,0.06,1013.7,17.4,-44.7,15.2,9.44,53,0.00
92.227,0.82,-3.07,2.35,-0.08,0.11,-0.08,1014.2,17.5,-50.0,15.2,9.44,53,0.00
92.336,6.01,0.28,20.37,0.09,-0.38,-0.14,1013.9,17.3,-43.7,15.2,9.44,53,0.00
92.433,-1.21,-2.94,17.31,-0.35,-0.81,0.05,1013.9,17.4,-47.9,15.2,10.47,53,0.00
92.531,6.89,-3.15,4.16,-0.21,-0.06,-0.19,1013.7,17.3,-51.0,15.2,10.47,53,0.00
92.621,4.30,-4.25,9.55,-0.12,-0.32,-0.26,1014.1,17.5,-51.0,15.2,10.47,88,0.00
92.719,4.95,-0.79,3.46,-0.29,-0.13,-0.11,1013.7,17.4,-44.7,15.2,10.47,88,0.00
92.816,4.27,-0.83,3.65,-0.25,-0.85,-0.14,1013.6,17.2,-43.7,15.2,10.47,88,0.00
92.937,6.83,4.73,18.99,0.47,0.03,0.19,1013.9,17.3,-43.7,15.2,10.47,88,0.00
93.034,2.33,-1.65,7.78,0.19,-0.96,0.39,1013.5,17.4,-50.0,15.2,10.47,88,0.00
93.124,4.71,1.94,19.01,0.03,-0.43,0.12,1013.9,17.5,-43.7,15.2,10.47,88,0.00
93.221,6.90,1.62,5.97,0.18,0.63,0.09,1013.9,17.4,-53.1,15.2,10.47,88,0.00
93.427,2.58,1.01,19.78,-0.16,-0.35,0.21,1013.5,17.3,-41.6,15.2,11.09,88,0.00
93.549,1.59,-3.26,7.87,-0.35,-0.50,0.12,1013.7,17.5,-46.8,15.2,11.09,88,0.00
93.639,-1.45,-2.17,0.55,0.16,0.91,-0.08,1014.1,17.3,-16.3,15.2,11.09,88,0.00
93.736,5.03,-6.23,6.36,-0.29,-0.50,-0.12,1013.8,17.4,-44.7,15.2,11.09,88,0.00
93.833,10.46,5.69,21.34,0.66,-0.73,-0.03,1014.2,17.4,-43.7,15.2,11.09,108,0.00
93.931,10.39,-4.52,13.17,0.02,-1.66,0.52,1013.8,17.2,-28.9,15.2,11.09,108,0.00
94.028,-3.04,-10.61,-4.69,-0.62,-0.18,-0.24,1013.6,17.4,-50.0,15.2,11.09,108,0.00
94.143,3.28,6.27,19.50,-0.31,0.82,-0.12,1013.8,17.4,-32.1,15.2,11.09,108,0.00
94.240,6.61,3.01,17.65,-0.28,1.66,-0.43,1013.7,17.6,-38.4,15.2,11.09,108,0.00
94.337,1.67,-2.20,4.36,-0.56,0.06,0.03,1013.9,17.4,-37.4,15.2,11.09,108,0.00
94.434,-6.91,-3.11,-7.12,-0.50,0.38,0.04,1013.7,17.2,-43.7,15.2,11.09,108,0.00
94.544,-9.13,-5.22,-6.43,0.01,-0.01,-0.24,1013.2,17.4,-44.7,15.2,11.09,108,0.00
94.635,3.24,-2.47,-13.46,-0.47,0.52,0.02,1013.6,17.3,-41.6,15.2,11.09,108,0.00
94.733,-2.68,0.67,14.47,-0.12,-0.29,0.17,1013.4,17.4,-51.0,15.2,11.09,108,0.00
94.830,0.18,-0.28,30.70,0.13,-0.24,-0.09,1013.7,17.4,-50.0,15.2,11.09,108,0.00
94.927,-0.34,-0.71,6.83,0.27,0.30,-0.06,1013.6,17.4,-41.6,15.2,11.09,108,0.00
95.048,-1.85,-2.49,5.13,0.06,-0.06,-0.10,1013.8,17.2,-53.1,15.2,11.09,108,0.00
95.139,0.95,1.45,16.15,0.58,-0.19,0.28,1013.6,17.3,-31.0,15.2,11.09,108,0.00
95.236,2.85,-3.40,12.89,-0.11,-0.63,-0.19,1013.3,17.4,-50.0,15.2,11.09,108,0.00
95.333,2.99,1.55,10.52,0.47,0.05,0.15,1013.6,17.2,-46.8,15.2,11.09,108,0.00
95.430,6.58,3.68,13.94,-0.65,-1.04,-0.07,1013.1,17.4,-44.7,15.2,12.13,108,0.00
95.635,0.01,-3.37,-8.03,-0.33,0.27,-0.10,1014.0,17.2,-2.6,15.2,12.13,96,0.00
95.750,19.97,3.03,33.05,0.52,-1.35,0.09,1013.5,17.5,75.2,15.3,12.13,96,39.98
95.847,10.54,1.07,22.02,0.23,-0.92,0.21,1013.5,17.4,-15.3,15.2,12.13,96,0.00
95.944,11.96,2.95,25.98,0.17,0.10,-0.04,1014.0,17.2,0.5,15.3,12.13,96,3.34
96.041,1.91,-1.82,11.20,-0.57,1.11,-0.19,1013.6,17.4,-43.7,15.2,12.13,96,0.00
96.138,3.85,2.32,16.20,0.41,-0.25,-0.03,1013.5,17.4,-35.2,15.2,12.13,96,0.00
96.252,0.03,-1.85,21.77,-0.18,1.32,-0.71,1013.8,17.3,-41.6,15.2,12.13,96,0.00
96.349,10.85,0.72,13.17,0.91,-0.95,0.16,1013.5,17.4,-16.3,15.2,12.13,96,0.00
96.447,-3.20,-7.05,-8.66,-0.23,0.69,0.25,1013.8,17.2,-47.9,15.2,12.50,96,0.00
96.544,0.78,-5.07,-10.20,-0.84,-0.59,0.25,1013.8,17.2,-47.9,15.2,12.50,96,0.00
96.641,-6.98,-15.51,-20.69,-0.35,1.01,0.03,1013.6,17.4,-44.7,15.2,12.50,96,0.00
96.745,-0.24,-5.56,-7.74,0.20,0.51,-0.13,1013.5,17.3,-46.8,15.2,12.50,96,0.00
96.842,7.22,2.20,20.63,0.22,-0.42,0.03,1014.1,17.4,-12.1,15.2,12.50,96,0.00
96.939,5.68,1.58,6.89,0.35,-0.58,0.24,1013.5,17.3,-24.7,15.2,12.50,96,0.00
97.036,2.72,-6.05,-5.67,0.42,-0.12,-0.22,1014.0,17.2,-28.9,15.2,12.50,96,0.00
97.157,0.03,1.58,10.75,-0.10,0.67,-0.06,1013.5,17.4,-40.5,15.2,12.50,96,0.00
97.247,-2.09,-4.95,-6.89,0.39,-0.73,-0.02,1013.9,17.3,-44.7,15.2,12.50,96,0.00
97.344,-2.29,-1.49,9.41,0.01,-0.20,0.07,1014.0,17.2,-41.6,15.2,12.50,96,0.00
97.441,4.42,5.27,21.58,0.67,-1.17,0.13,1013.7,17.3,-40.5,15.2,12.63,96,0.00
97.539,-2.17,-1.88,4.15,0.35,1.63,-0.10,1013.4,17.2,-41.6,15.2,12.63,96,0.00
97.636,12.87,2.94,8.53,0.05,-1.56,0.13,1013.5,17.2,-50.0,15.2,12.63,98,0.00
97.763,3.64,-2.20,6.31,-0.17,-0.21,0.01,1013.8,17.3,-53.1,15.2,12.63,98,0.00
97.837,1.05,0.67,6.91,0.66,0.21,-0.02,1013.9,17.2,-44.7,15.2,12.63,98,0.00
97.958,1.62,2.71,-0.51,-0.29,0.76,0.10,1013.7,17.4,-46.8,15.2,12.63,98,0.00
98.055,1.49,0.11,-0.42,0.35,-0.19,0.07,1013.6,17.2,-43.7,15.2,12.63,98,0.00
98.152,-14.79,-4.43,-13.34,0.82,0.89,0.06,1013.6,17.3,-38.4,15.2,12.63,98,0.00
98.243,-2.42,0.17,-1.37,0.82,0.91,0.04,1013.5,17.3,-46.8,15.2,12.63,89,0.00
98.341,4.49,1.90,18.53,0.30,-0.57,0.06,1013.8,17.1,-47.9,15.2,12.63,89,0.00
98.438,0.00,1.83,17.81,0.61,0.01,0.04,1013.8,17.2,-44.7,15.2,12.73,89,0.00
98.536,12.89,-2.25,16.92,-0.73,-1.88,0.23,1014.1,17.3,-50.0,15.2,12.73,89,0.00
98.657,-21.94,-4.90,-5.73,0.19,1.05,-0.18,1013.8,17.2,-43.7,15.2,12.73,89,0.00
98.748,-1.61,-6.98,4.69,-0.52,-0.50,-0.09,1013.7,17.2,-44.7,15.2,12.73,89,0.00
98.904,-3.86,-2.91,5.43,0.65,0.06,-0.19,1014.0,17.2,-41.6,15.2,12.73,89,0.00
98.954,-5.32,-2.00,3.60,0.09,-0.67,0.01,1013.9,17.3,-43.7,15.2,12.73,89,0.00
99.051,-13.40,-11.10,-3.56,-0.87,-0.54,-0.06,1013.8,17.2,-40.5,15.2,12.73,89,0.00
99.148,5.52,2.75,7.93,-0.29,2.24,-0.67,1013.4,17.4,-46.8,15.2,12.73,89,0.00
99.238,0.10,-6.97,-9.92,0.15,0.37,-0.24,1013.9,17.4,-43.7,15.2,12.73,89,0.00
99.336,-1.40,-3.21,-10.03,0.83,0.38,-0.02,1014.2,17.1,-44.7,15.2,12.73,89,0.00
99.458,5.90,-3.15,8.96,0.02,-1.05,0.29,1013.4,17.2,-54.2,15.2,12.83,89,0.00
99.555,6.08,-0.75,10.74,0.07,0.28,-0.05,1013.6,17.4,-53.1,15.2,12.83,89,0.00
99.652,8.34,-3.42,4.41,-0.54,0.47,0.06,1013.3,17.2,-51.0,15.2,12.83,89,0.00
99.742,3.46,2.49,14.42,-0.68,-0.28,0.13,1013.6,17.4,-46.8,15.2,12.83,89,0.00
99.840,-1.81,-2.43,3.43,-0.53,-0.66,0.04,1013.6,17.3,-47.9,15.2,12.83,89,0.00
99.972,3.58,-6.73,0.88,-0.13,1.13,-0.50,1013.8,17.3,-41.6,15.2,12.83,89,0.00
100.046,13.11,4.52,17.67,-0.10,-0.78,0.42,1013.8,17.2,-43.7,15.2,12.83,89,0.00
100.143,3.01,-5.32,-9.19,-0.01,0.47,0.05,1013.6,17.1,-47.9,15.2,12.83,89,0.00
100.257,5.11,1.97,9.69,0.21,0.67,0.07,1013.9,17.2,-47.9,15.2,12.83,84,0.00
100.355,4.35,-1.33,14.72,-0.59,0.09,-0.03,1013.9,17.3,-46.8,15.2,12.83,84,0.00
100.453,-5.55,-4.55,-10.26,-0.16,0.24,-0.18,1013.7,17.4,-46.8,15.2,12.84,84,0.00
100.550,-15.89,2.94,15.89,0.78,0.41,0.24,1014.1,17.2,-46.8,15.2,12.84,84,0.00
100.647,3.65,-2.32,12.33,-0.52,0.10,0.09,1013.7,17.2,-51.0,15.2,12.84,84,0.00
100.761,12.60,6.64,33.24,1.40,-1.63,0.32,1013.6,17.2,-51.0,15.2,12.84,84,0.00
100.835,6.64,-2.34,13.63,-0.13,-0.84,-0.07,1013.6,17.2,-47.9,15.2,12.84,84,0.00
100.956,0.84,-0.74,-4.40,0.10,1.37,-0.34,1014.0,17.2,-44.7,15.2,12.84,84,0.00
101.041,2.24,1.19,24.20,0.47,-0.20,-0.16,1014.3,17.2,-53.1,15.2,12.84,84,0.00
101.139,-0.49,4.08,10.75,-0.13,1.55,-0.33,1014.2,17.4,-28.9,15.2,12.84,84,0.00
101.236,4.14,0.91,3.22,-0.03,0.14,-0.19,1013.8,17.2,-44.7,15.2,12.84,84,0.00
101.351,4.41,4.58,18.06,-0.29,-0.37,0.12,1013.8,17.4,-47.9,15.2,12.84,84,0.00
101.449,1.04,5.22,15.79,0.08,-0.57,0.17,1013.9,17.2,-53.1,15.2,12.91,84,0.00
101.546,2.96,-4.00,19.44,-0.15,-0.90,0.22,1014.1,17.2,-44.7,15.2,12.91,84,0.00
101.643,-0.39,-5.59,0.03,-0.33,0.82,0.02,1013.7,17.4,-44.7,15.2,12.91,84,0.00
101.740,-9.42,-6.18,-6.46,0.42,0.28,-0.22,1013.9,17.2,-41.6,15.2,12.91,84,0.00
101.854,-5.61,-8.14,-19.25,0.63,-1.02,0.29,1013.7,17.2,-41.6,15.2,12.91,84,0.00
101.951,-2.34,-2.42,22.95,-0.80,0.09,0.15,1013.9,17.3,-47.9,15.2,12.91,84,0.00
102.048,-18.34,-4.00,12.99,-0.74,0.63,0.05,1014.0,17.2,-44.7,15.2,12.91,84,0.00
102.185,-8.69,-4.25,-12.70,-0.39,1.54,-0.13,1013.6,17.2,-28.9,15.2,12.91,84,0.00
102.235,16.36,4.46,16.73,0.31,-1.73,0.32,1013.6,17.2,-28.9,15.2,12.91,81,0.00
102.349,-0.15,-1.96,-1.72,0.81,0.75,-0.34,1014.0,17.2,-46.8,15.2,12.91,81,0.00
102.447,2.07,0.13,-1.47,0.57,0.09,-0.07,1013.6,17.2,-46.8,15.2,13.00,81,0.00
102.544,-2.43,5.43,17.86,0.58,0.01,-0.11,1013.1,17.1,-38.4,15.2,13.00,81,0.00
102.641,20.99,8.94,51.87,1.28,-1.31,0.53,1013.2,17.2,-54.2,15.2,13.00,81,0.00
102.738,7.40,1.07,12.41,0.54,0.12,-0.04,1013.6,17.2,-53.1,15.2,13.00,81,0.00
102.853,-0.45,0.83,23.36,0.51,-0.25,0.19,1013.6,17.2,-50.0,15.2,13.00,81,0.00
102.950,14.50,3.15,25.87,0.81,-1.79,0.41,1014.1,17.2,-56.3,15.2,13.00,81,0.00
103.047,6.11,5.06,6.75,-0.19,2.00,0.10,1014.2,17.3,-47.9,15.2,13.00,81,0.00
103.144,0.75,-0.24,2.79,-0.52,1.48,-0.17,1014.0,17.2,-54.2,15.2,13.00,81,0.00
103.254,3.26,-1.73,14.06,0.27,0.26,-0.12,1013.7,17.2,1.6,15.3,13.00,62,5.79
103.346,7.09,0.10,26.98,0.01,-1.02,0.05,1013.7,17.3,-50.0,15.2,13.00,62,0.00
103.443,12.56,2.61,15.96,0.81,-0.09,0.03,1013.5,17.3,45.8,15.3,13.46,62,31.18
103.541,1.45,-1.45,15.66,0.48,-0.67,-0.00,1014.0,17.2,-22.6,15.2,13.46,62,0.00
103.638,1.02,1.77,10.00,0.53,1.34,-0.32,1013.7,17.1,-22.6,15.2,13.46,62,0.00
103.735,11.30,9.02,30.80,0.25,0.20,-0.08,1014.0,17.2,-54.2,15.2,13.46,62,0.00
103.850,15.19,0.30,40.21,0.20,-0.08,0.26,1013.9,17.1,-43.7,15.2,13.46,62,0.00
103.947,-1.81,-6.95,-11.20,-0.69,0.49,-0.23,1013.7,17.2,-50.0,15.2,13.46,62,0.00
104.044,-1.32,0.08,16.03,0.85,0.26,0.07,1014.2,17.3,-59.4,15.2,13.46,62,0.00
104.141,22.10,-0.34,18.21,-0.18,-0.39,-0.02,1014.0,17.2,-54.2,15.2,13.46,62,0.00
104.238,8.53,-2.50,20.47,-0.43,-0.18,-0.12,1013.6,17.3,-51.0,15.2,13.46,62,0.00
104.365,16.90,4.19,36.60,-0.52,-0.19,0.28,1013.8,17.3,-51.0,15.2,13.46,62,0.00
104.439,-22.66,-8.47,-5.18,-0.39,0.76,-0.29,1013.8,17.2,-47.9,15.2,13.83,62,0.00
104.537,-14.52,-12.10,-4.41,-1.11,0.00,-0.08,1013.6,17.1,-47.9,15.2,13.83,62,0.00
104.658,4.44,-6.49,-17.02,-0.31,1.49,-0.47,1013.8,17.3,-47.9,15.2,13.83,62,0.00
104.755,-2.08,-12.55,4.88,-0.09,0.03,-0.37,1013.2,17.2,-53.1,15.2,13.83,62,0.00
104.869,3.76,0.14,17.94,0.05,0.13,0.11,1013.9,17.2,-56.3,15.2,13.83,62,0.00
104.943,-4.93,-0.11,20.15,0.61,0.99,-0.28,1013.9,17.3,-50.0,15.2,13.83,62,0.00
105.040,2.86,-7.39,-23.60,-0.49,0.18,-0.03,1013.8,17.2,-59.4,15.2,13.83,62,0.00
105.137,1.94,-2.58,10.41,0.34,-1.18,-0.06,1013.4,17.2,-47.9,15.2,13.83,62,0.00
105.259,6.60,0.90,15.52,-0.04,-1.56,0.04,1013.7,17.1,-47.9,15.2,13.83,45,0.00
105.484,-0.34,6.66,40.36,-0.99,-0.43,-0.07,1013.6,17.2,-60.5,15.2,14.13,45,0.00
105.606,-3.97,-5.65,12.34,-0.68,-0.75,0.10,1013.7,17.2,-51.0,15.2,14.13,45,0.00
105.703,18.00,8.77,33.59,-0.01,-2.15,0.49,1014.0,17.1,-43.7,15.2,14.13,45,0.00
105.800,-2.17,-2.52,14.92,-0.07,0.42,-0.10,1013.9,17.3,16.3,15.3,14.13,45,18.61
105.889,1.15,0.85,12.88,-0.74,-0.61,0.09,1013.6,17.3,-56.3,15.2,14.13,45,0.00
105.987,-7.33,3.11,31.21,-0.03,0.62,-0.06,1013.9,17.3,-44.7,15.2,14.13,45,0.00
106.084,0.35,-1.71,2.82,0.15,0.61,-0.02,1013.9,17.2,-40.5,15.2,14.13,45,0.00
106.205,5.30,-2.85,18.25,0.19,-0.51,-0.10,1014.1,17.2,-47.9,15.2,14.13,64,0.00
106.302,-9.08,-4.09,6.88,-0.45,0.63,-0.38,1014.0,17.2,-35.2,15.2,14.13,64,0.00
106.391,-10.19,-2.72,-7.54,-0.84,2.10,-0.29,1013.7,17.1,-46.8,15.2,14.13,64,0.00
106.524,-3.76,-6.61,-12.89,-0.10,0.82,-0.15,1013.4,17.2,-50.0,15.2,14.77,64,0.00
106.598,15.55,3.75,10.66,0.31,1.40,-0.25,1013.8,17.1,-59.4,15.2,14.77,64,0.00
106.695,1.22,4.72,28.85,0.55,-0.47,0.17,1013.8,17.1,-50.0,15.2,14.77,64,0.00
106.792,1.77,0.16,3.11,0.02,0.65,0.03,1013.5,17.2,-46.8,15.2,14.77,64,0.00
106.906,7.03,-2.97,0.63,0.81,-0.26,-0.11,1013.6,17.3,-53.1,15.2,14.77,64,0.00
107.004,7.38,-1.41,6.87,0.71,-0.91,0.21,1013.7,17.2,-56.3,15.2,14.77,64,0.00
107.101,7.91,7.06,29.15,0.47,-0.58,0.20,1013.9,17.2,-50.0,15.2,14.77,64,0.00
107.198,0.93,-0.30,2.97,-0.16,-0.69,0.14,1013.9,17.1,-50.0,15.2,14.77,64,0.00
107.295,-7.38,0.99,-5.31,0.68,2.47,-0.36,1013.8,17.2,-43.7,15.2,14.77,81,0.00
107.408,0.02,-2.84,-1.18,0.76,-0.36,0.29,1013.8,17.2,-47.9,15.2,14.98,81,0.00
107.506,5.66,-0.54,5.62,-0.09,-0.41,0.24,1013.9,17.1,-44.7,15.2,14.98,81,0.00
107.668,0.85,-7.86,5.58,0.05,-1.11,0.03,1013.9,17.1,-46.8,15.2,14.98,81,0.00
107.693,14.15,5.03,17.91,0.60,-0.50,0.34,1014.1,17.1,-53.1,15.2,14.98,81,0.00
107.791,1.07,-1.22,9.66,0.39,-0.04,-0.06,1013.8,17.2,-44.7,15.2,14.98,81,0.00
107.888,-4.20,-0.06,3.85,-0.29,1.79,-0.05,1013.7,17.3,-47.9,15.2,14.98,81,0.00
108.002,4.54,3.71,19.75,-0.07,0.38,0.10,1013.7,17.1,-51.0,15.2,14.98,81,0.00
108.099,-0.48,-2.37,-4.20,1.11,0.04,-0.19,1013.4,17.3,-44.7,15.2,14.98,81,0.00
108.196,-5.54,-8.49,-8.37,-0.79,0.81,-0.52,1013.7,17.1,-44.7,15.2,14.98,81,0.00
108.293,-6.57,-3.22,7.77,-0.34,0.21,-0.14,1013.8,17.1,-47.9,15.2,14.98,81,0.00
108.390,-6.47,-1.35,-6.33,-0.13,0.63,-0.16,1013.7,17.1,-43.7,15.2,14.98,81,0.00
108.504,1.68,-0.22,-2.09,0.75,0.71,0.02,1013.9,17.1,-46.8,15.2,15.02,81,0.00
108.601,0.48,-0.78,-6.75,-0.02,0.62,-0.12,1014.0,17.2,-44.7,15.2,15.02,81,0.00
108.733,-0.39,-0.44,-6.74,0.18,0.54,-0.11,1014.1,17.1,-43.7,15.2,15.02,81,0.00
108.807,0.72,0.39,23.87,-0.40,-0.91,-0.26,1013.5,17.1,-46.8,15.2,15.02,81,0.00
108.904,14.08,-0.12,19.42,-0.25,-2.11,0.29,1013.9,17.0,-50.0,15.2,15.02,81,0.00
108.994,-9.14,-3.20,7.09,-0.18,0.59,-0.26,1014.0,17.2,-41.6,15.2,15.02,81,0.00
109.092,0.86,1.36,14.79,-0.53,0.15,-0.15,1013.5,17.2,-41.6,15.2,15.02,74,0.00
109.189,7.51,7.31,27.36,0.18,-1.11,0.30,1013.5,17.1,-50.0,15.2,15.02,74,0.00
109.286,-10.73,1.11,5.50,0.04,-1.71,0.15,1013.9,17.1,-44.7,15.2,15.02,74,0.00
109.407,16.43,9.31,21.94,0.21,0.41,-0.12,1013.7,17.1,-47.9,15.2,15.03,74,0.00
109.497,-6.87,-3.59,-9.18,0.61,0.45,-0.14,1014.1,17.2,-44.7,15.2,15.03,74,0.00
109.594,16.09,2.78,17.85,0.36,-0.43,-0.15,1013.6,17.1,-47.9,15.2,15.03,74,0.00
109.691,-2.37,1.47,40.00,-0.13,0.23,-0.11,1014.1,17.2,-47.9,15.2,15.03,74,0.00
109.799,2.19,3.89,16.66,0.21,-0.59,-0.13,1013.4,17.2,-44.7,15.2,15.03,74,0.00
109.897,22.46,6.88,44.64,0.37,-0.99,0.29,1013.9,17.0,-47.9,15.2,15.03,74,0.00
109.988,5.88,3.16,17.31,1.26,-0.09,0.17,1013.6,17.2,-43.7,15.2,15.03,74,0.00
110.086,0.15,-0.45,-5.35,-0.58,0.88,0.18,1013.9,17.1,-40.5,15.2,15.03,74,0.00
110.207,3.64,-0.41,21.00,0.36,-0.04,0.08,1014.0,17.1,-44.7,15.2,15.03,74,0.00
110.304,3.96,-3.33,-2.55,0.45,0.08,0.04,1013.7,17.1,-37.4,15.2,15.03,74,0.00
110.401,-1.36,-3.34,-14.02,-0.76,1.41,0.09,1013.5,17.2,52.1,15.3,15.01,74,33.26
110.492,-3.76,1.06,0.63,0.07,-0.06,0.24,1013.4,17.2,17.4,15.3,15.01,74,19.21
110.589,2.44,-4.37,-5.88,-0.40,0.48,-0.11,1013.5,17.1,10.0,15.3,15.01,74,14.57
110.686,-0.15,10.09,30.96,0.94,1.30,0.42,1014.0,17.2,-5.8,15.2,15.01,74,0.00
110.807,-5.23,-8.15,10.00,-0.84,-0.53,-0.14,1013.7,17.0,-5.8,15.2,15.01,74,0.00
110.942,-3.06,-4.30,-1.75,0.39,0.26,-0.06,1013.9,17.1,-87.9,15.2,15.01,74,0.00
110.984,-9.47,-6.33,-17.10,-1.07,0.53,-0.19,1013.3,17.1,-38.4,15.2,15.01,74,0.00
111.107,6.66,-0.70,0.65,0.46,-0.84,-0.13,1013.3,17.2,-44.7,15.2,15.01,74,0.00
111.204,14.71,6.93,25.57,0.29,-0.47,-0.05,1013.5,17.1,-40.5,15.2,15.01,74,0.00
111.301,22.09,0.22,9.70,-0.35,-1.26,0.19,1013.8,17.3,-142.6,15.2,15.01,74,0.00
111.398,28.42,3.13,32.13,0.05,-2.20,0.48,1014.0,17.2,11.0,15.3,15.01,74,15.32
111.487,6.27,3.57,24.09,0.12,-0.29,0.32,1013.5,17.2,-47.9,15.2,15.07,74,0.00
111.585,1.98,3.27,22.55,-0.06,0.15,0.16,1013.5,17.2,-41.6,15.2,15.07,74,0.00
111.706,-3.26,-4.67,-10.22,0.52,0.47,-0.23,1013.6,17.0,-19.5,15.2,15.07,74,0.00
111.803,-13.49,-3.11,-10.59,0.02,0.53,0.28,1013.8,17.2,-38.4,15.2,15.07,74,0.00
111.900,9.31,1.47,20.14,-0.83,0.66,-0.12,1013.9,17.1,-35.2,15.2,15.07,74,0.00
112.025,4.88,-8.56,2.92,-0.26,0.60,-0.14,1013.4,17.1,-44.7,15.2,15.07,70,0.00
112.099,-1.19,0.02,11.42,-0.04,0.77,-0.18,1013.8,17.1,-37.4,15.2,15.07,70,0.00
112.196,25.39,8.26,48.00,0.22,-2.65,0.56,1013.7,17.2,-41.6,15.2,15.07,70,0.00
112.293,5.31,-2.58,5.65,-0.60,0.63,0.05,1014.1,17.2,-44.7,15.2,15.07,70,0.00
112.390,-1.22,-4.88,0.11,-0.98,0.14,-0.13,1013.9,17.1,-43.7,15.2,15.07,70,0.00
112.504,6.49,-0.57,15.55,-1.14,-0.46,-0.09,1013.7,17.1,-40.5,15.2,15.11,70,0.00
112.601,-10.30,-4.59,13.68,0.20,0.25,-0.14,1013.9,17.1,-38.4,15.2,15.11,70,0.00
112.698,17.86,4.57,14.14,-0.04,-0.62,0.30,1013.8,17.2,-8.9,15.2,15.11,70,0.00
112.795,5.63,0.61,17.94,0.44,0.11,0.06,1013.2,17.1,-38.4,15.2,15.11,70,0.00
112.892,6.02,-0.23,11.75,-0.25,-0.50,-0.00,1014.1,17.0,-24.7,15.2,15.11,70,0.00
113.005,5.13,-4.18,2.67,-0.04,0.08,-0.04,1013.9,17.1,-27.9,15.2,15.11,49,0.00
113.090,-21.97,-1.64,4.86,0.07,1.67,0.28,1013.5,17.2,-37.4,15.2,15.11,49,0.00
113.188,-0.91,-1.81,10.38,0.38,-0.81,-0.03,1013.5,17.1,11.0,15.3,15.11,49,15.32
113.285,5.83,-0.44,26.97,0.18,0.49,-0.05,1013.6,17.2,-22.6,15.2,15.11,49,0.00
113.406,11.12,5.62,29.73,0.48,-0.50,0.14,1013.2,17.2,0.5,15.3,15.28,49,3.34
113.520,-15.41,-6.69,-7.69,1.10,0.69,-0.52,1013.7,17.1,-24.7,15.2,15.28,49,0.00
113.594,-0.13,-1.21,29.61,-0.18,0.44,-0.21,1013.4,17.1,-28.9,15.2,15.28,49,0.00
113.691,-3.91,-6.24,-7.35,0.31,0.60,-0.00,1013.6,17.2,-44.7,15.2,15.28,49,0.00
113.788,-2.15,0.99,2.64,0.01,1.24,-0.11,1013.7,17.3,-41.6,15.2,15.28,49,0.00
113.885,-3.21,-0.27,-5.03,0.52,1.86,-0.23,1013.9,17.2,-41.6,15.2,15.28,49,0.00
114.023,-2.25,-2.72,-1.32,-0.12,-0.59,-0.11,1013.6,17.1,-44.7,15.2,15.28,49,0.00
114.097,0.61,5.44,19.05,0.71,1.81,-0.19,1013.9,17.1,-31.0,15.2,15.28,49,0.00
114.231,7.21,-8.60,-10.34,-0.92,-1.26,-0.11,1013.4,17.4,-22.6,15.2,15.28,45,0.00
114.305,-5.05,3.34,0.20,-0.23,0.85,0.07,1014.0,17.3,-41.6,15.2,15.28,45,0.00
114.402,5.49,1.18,7.23,0.69,-0.57,0.21,1013.4,17.1,-25.8,15.2,15.32,45,0.00
114.499,0.53,0.46,9.29,0.08,0.13,0.17,1014.2,17.0,-41.6,15.2,15.32,45,0.00
114.589,5.45,-3.96,6.93,-1.01,-1.50,-0.05,1013.3,17.1,-5.8,15.2,15.32,45,0.00
114.686,-12.28,-6.34,-9.57,-1.59,1.72,-0.05,1013.5,17.1,-44.7,15.2,15.32,45,0.00
114.807,-8.56,-3.91,18.57,-0.89,-0.14,-0.02,1013.2,17.1,-47.9,15.2,15.32,45,0.00
114.904,1.76,4.46,35.19,0.99,0.21,-0.16,1013.4,17.0,-38.4,15.2,15.32,45,0.00
115.001,4.42,-1.03,22.31,0.04,1.22,0.06,1014.4,17.1,-46.8,15.2,15.32,45,0.00
115.091,8.75,-1.12,8.49,-0.34,-0.37,0.28,1013.9,17.2,-43.7,15.2,15.32,45,0.00
115.188,-8.50,-7.31,-22.11,-0.79,0.08,0.10,1013.7,17.2,-46.8,15.2,15.32,45,0.00
115.296,-6.03,-3.26,5.11,0.30,-0.26,0.39,1013.9,17.1,-43.7,15.2,15.32,45,0.00
115.394,10.46,6.79,25.31,0.73,0.78,0.02,1013.6,17.2,-43.7,15.2,15.32,45,0.00
115.492,-2.83,0.32,14.93,0.01,1.41,-0.35,1013.7,17.2,-43.7,15.2,15.43,45,0.00
115.607,-0.03,-0.48,20.90,-0.37,0.79,-0.24,1013.5,17.0,-43.7,15.2,15.43,45,0.00
115.704,-3.32,-0.87,6.62,-0.36,0.08,0.02,1013.7,17.1,-41.6,15.2,15.43,45,0.00
115.801,3.94,0.48,9.40,0.23,0.18,-0.04,1013.8,17.2,-40.5,15.2,15.43,45,0.00
115.898,3.55,4.42,33.14,1.54,-0.01,0.02,1013.7,17.2,-46.8,15.2,15.43,45,0.00
115.995,5.57,-3.26,26.82,0.37,-0.66,-0.02,1013.8,17.2,-44.7,15.2,15.43,45,0.00
116.085,15.61,3.25,26.64,0.44,-0.82,0.08,1013.5,17.1,-43.7,15.2,15.43,0,0.00
116.206,5.41,1.41,6.36,0.09,-0.66,0.21,1013.8,17.1,-44.7,15.2,15.43,0,0.00
116.303,-6.83,0.85,2.97,-0.19,0.95,-0.02,1013.9,17.2,-46.8,15.2,15.43,0,0.00
116.388,1.93,1.81,17.02,-0.17,-0.43,0.08,1014.0,17.2,-43.7,15.2,15.43,0,0.00
116.486,1.60,-1.47,10.65,0.07,-0.72,0.34,1014.1,17.2,-40.5,15.2,15.44,0,0.00
116.600,1.79,-0.51,5.90,0.16,0.74,0.09,1013.6,17.2,-34.2,15.2,15.44,0,0.00
116.697,-2.12,-0.57,27.24,0.12,-0.16,-0.01,1013.3,17.1,-37.4,15.2,15.44,0,0.00
116.794,-0.45,0.05,8.76,0.50,1.12,-0.21,1013.4,17.0,-46.8,15.2,15.44,0,0.00
116.892,-14.82,-4.58,-20.12,0.90,0.90,0.04,1013.7,17.1,-47.9,15.2,15.44,0,0.00
116.989,-2.46,-3.56,-0.14,-0.45,-0.28,-0.04,1013.6,17.2,-37.4,15.2,15.44,0,0.00
117.103,1.85,-2.70,13.03,-0.14,-0.76,-0.01,1013.7,17.2,-41.6,15.2,15.44,0,0.00
117.200,30.21,5.41,27.47,0.60,-1.52,0.05,1014.0,17.2,-41.6,15.2,15.44,0,0.00
117.297,-2.17,-0.29,6.49,0.28,0.79,0.16,1013.5,17.1,-38.4,15.2,15.44,0,0.00
117.500,-0.01,-0.32,-3.43,0.41,-0.89,0.06,1013.4,17.0,-40.5,15.2,15.47,0,0.00
117.615,-7.65,0.39,13.44,-0.67,0.24,0.28,1014.0,17.2,-40.5,15.2,15.47,0,0.00
117.712,-7.72,-6.18,-1.29,-0.72,0.72,-0.11,1013.7,17.1,-37.4,15.2,15.47,0,0.00
117.809,-4.53,-3.47,-12.17,0.77,-0.07,0.09,1013.5,17.3,-43.7,15.2,15.47,0,0.00
117.906,4.16,-1.93,15.00,0.05,0.10,0.14,1013.6,17.2,-46.8,15.2,15.47,0,0.00
118.003,-5.11,-6.34,-7.04,-0.56,0.47,0.16,1013.4,17.3,-43.7,15.2,15.47,0,0.00
118.117,6.49,0.94,14.29,-0.11,-1.04,0.29,1013.7,17.2,-41.6,15.2,15.47,0,0.00
118.214,3.39,-0.59,9.28,-0.12,-0.46,0.31,1013.5,17.1,-40.5,15.2,15.47,0,0.00
118.311,9.39,1.62,9.91,0.38,-0.78,0.14,1013.6,17.2,-38.4,15.2,15.47,0,0.00
118.408,-10.30,-4.42,0.33,-0.03,0.96,-0.19,1014.0,17.2,-35.2,15.2,15.34,0,0.00
118.505,-5.95,-2.45,7.47,-0.21,0.56,-0.01,1013.5,17.2,-35.2,15.2,15.34,0,0.00
118.606,-2.81,-2.31,22.36,-0.42,-0.41,-0.05,1013.7,17.1,-41.6,15.2,15.34,0,0.00
118.704,-3.82,-3.48,11.91,-0.79,-0.32,-0.07,1013.8,17.2,-41.6,15.2,15.34,0,0.00
118.801,6.41,-1.65,4.13,-1.07,-0.91,0.04,1013.1,17.1,-41.6,15.2,15.34,0,0.00
118.922,6.22,0.71,12.60,-0.56,-1.28,0.08,1013.3,17.2,-41.6,15.2,15.34,0,0.00
119.019,8.09,1.70,25.69,0.02,-0.99,-0.10,1013.2,17.1,-43.7,15.2,15.34,0,0.00
119.108,5.94,-0.07,19.76,0.23,0.07,-0.08,1013.8,17.2,-40.5,15.2,15.34,0,0.00
119.206,-5.18,-2.04,5.89,-0.43,-0.09,-0.11,1013.8,17.2,-32.1,15.2,15.34,0,0.00
119.303,-5.92,-1.88,0.90,-0.01,0.38,-0.14,1013.4,17.2,-35.2,15.2,15.34,0,0.00
119.400,2.88,-1.37,-0.56,-0.64,-0.06,0.17,1013.1,17.2,-47.9,15.2,14.34,0,0.00
119.521,7.53,1.28,18.01,0.32,-0.73,0.16,1013.8,17.0,-43.7,15.2,14.34,0,0.00
119.646,2.92,-4.50,12.73,-0.23,-0.29,0.04,1014.0,17.2,-41.6,15.2,14.34,0,0.00
119.720,-5.30,-1.61,3.45,0.00,0.07,-0.22,1013.7,17.1,-35.2,15.2,14.34,0,0.00
119.817,-7.24,-3.73,8.02,-0.43,0.15,-0.13,1014.0,17.1,-35.2,15.2,14.34,0,0.00
119.914,-9.26,-5.40,3.21,-0.11,0.60,-0.26,1013.9,17.2,-37.4,15.2,14.34,0,0.00
120.011,-5.20,-3.05,2.64,0.26,0.25,-0.10,1013.9,17.1,-37.4,15.2,14.34,0,0.00
120.124,-7.82,-2.24,0.22,0.29,0.16,-0.34,1013.6,17.2,-34.2,15.2,14.34,0,0.00
120.222,-5.28,-5.05,7.16,-0.19,-0.99,-0.24,1013.5,17.0,-43.7,15.2,14.34,0,0.00
120.319,-9.86,-1.08,7.16,-0.62,1.10,-0.67,1013.7,17.1,-37.4,15.2,14.34,0,0.00
120.416,-3.84,1.39,19.12,-0.06,0.82,-0.54,1013.6,17.1,-22.6,15.2,13.01,0,0.00
120.513,-1.75,0.04,10.05,-0.44,-0.34,-0.42,1013.8,17.2,-40.5,15.2,13.01,0,0.00
120.626,-2.43,-2.22,12.65,-0.55,0.36,-0.60,1013.9,17.1,-41.6,15.2,13.01,0,0.00
120.782,-0.22,-0.27,10.88,-0.02,0.11,-0.47,1013.5,17.1,-40.5,15.2,13.01,0,0.00
120.807,-1.24,-0.99,12.17,-0.47,0.01,-0.42,1013.8,17.2,-40.5,15.2,13.01,0,0.00
120.905,2.61,-1.87,6.89,-0.45,0.05,-0.32,1013.6,17.0,-38.4,15.2,13.01,0,0.00
121.002,0.08,-0.97,10.40,-0.49,0.08,-0.34,1014.1,17.2,-40.5,15.2,13.01,0,0.00
121.139,3.66,-1.71,12.40,-0.36,-0.26,-0.38,1013.6,17.1,-40.5,15.2,13.01,0,0.00
121.213,2.45,-0.12,12.04,-0.20,0.01,-0.40,1013.7,17.1,-41.6,15.2,13.01,0,0.00
121.310,-0.70,-1.54,10.45,-0.13,0.02,-0.35,1013.5,17.1,-40.5,15.2,13.01,0,0.00
121.407,1.44,-2.08,9.37,0.26,-0.04,-0.31,1013.8,17.1,-37.4,15.2,11.62,0,0.00
121.504,1.22,-1.22,8.27,0.02,-0.08,-0.26,1013.8,17.1,-35.2,15.2,11.62,0,0.00
121.601,-0.18,0.42,9.52,0.19,-0.05,-0.17,1013.4,17.2,-41.6,15.2,11.62,0,0.00
121.715,-1.53,0.73,8.89,-0.06,0.08,-0.16,1013.5,17.1,-41.6,15.2,11.62,0,0.00
121.848,-0.25,-0.17,10.24,-0.06,0.00,-0.10,1013.8,17.1,-40.5,15.2,11.62,0,0.00
121.922,-1.28,-1.67,9.71,-0.04,-0.02,-0.04,1013.6,17.0,-35.2,15.2,11.62,0,0.00
122.019,-0.78,-0.53,10.03,-0.01,0.01,0.01,1013.8,17.2,-35.2,15.2,11.62,0,0.00
122.116,-0.08,-1.90,9.78,0.09,0.00,0.02,1014.0,17.1,-38.4,15.2,11.62,0,0.00
122.206,0.88,0.26,9.99,0.18,-0.02,-0.03,1013.8,17.1,-38.4,15.2,11.62,0,0.00
122.303,0.97,-0.41,10.03,0.07,0.00,-0.04,1013.8,17.1,-38.4,15.2,11.62,0,0.00
122.400,0.98,-0.30,9.91,0.03,0.00,-0.01,1013.9,17.2,-40.5,15.2,11.62,0,0.00
122.521,0.98,-0.53,9.97,0.06,0.02,-0.01,1013.7,17.2,-41.6,15.2,11.62,0,0.00
122.618,0.74,-1.06,9.99,0.00,0.01,-0.01,1013.7,17.1,-40.5,15.2,11.62,0,0.00
122.708,0.90,-0.29,10.10,0.02,0.01,0.01,1013.4,17.2,-38.4,15.2,11.62,0,0.00
122.805,0.86,0.25,9.90,-0.00,-0.02,0.04,1013.4,17.2,-41.6,15.2,11.62,0,0.00
122.997,0.71,-1.43,8.93,0.02,0.03,-0.04,1013.9,17.1,-40.5,15.2,11.62,0,0.00
123.022,0.47,-0.80,9.27,-0.04,0.04,-0.01,1013.5,17.1,-43.7,15.2,11.62,0,0.00
123.120,0.44,-1.42,9.91,-0.09,0.01,0.01,1013.5,17.1,-41.6,15.2,11.62,0,0.00
123.210,0.88,-0.70,9.92,0.03,0.01,0.01,1013.4,17.1,-43.7,15.2,11.62,0,0.00
123.307,0.61,0.35,10.15,0.14,0.01,-0.01,1013.6,17.1,-43.7,15.2,11.38.4,15.2,9.97,0,0.00
123.501,0.92,-0.65,9.78,-0.01,-0.00,0.00,1013.5,17.2,-38.4,15.2,9.97,0,0.00
123.622,0.85,-0.67,9.93,0.01,0.01,0.01,1013.6,16.9,-38.4,15.2,9.97,0,0.00
123.712,0.95,-0.85,9.86,0.07,0.01,0.03,1013.7,17.1,-37.4,15.2,9.97,0,0.00
123.809,1.15,-1.48,9.99,-0.12,-0.06,-0.07,1014.1,17.0,-41.6,15.2,9.97,0,0.00
123.906,0.90,-0.62,9.77,-0.07,-0.01,0.08,1013.6,17.1,-40.5,15.2,9.97,0,0.00
124.003,0.57,-0.29,9.93,0.25,0.01,-0.02,1013.6,17.1,-43.7,15.2,9.97,0,0.00
124.112,0.74,-0.33,10.02,0.06,0.01,-0.01,1013.6,17.0,-43.7,15.2,9.97,0,0.00
124.202,1.22,-0.07,10.00,0.07,0.02,-0.01,1013.5,17.1,-40.5,15.2,9.97,0,0.00
124.323,-0.49,-0.05,10.39,0.06,0.26,0.04,1013.5,17.1,-41.6,15.2,9.97,0,0.00
124.420,0.76,0.45,9.89,-0.25,-0.01,0.03,1013.5,17.1,-37.4,15.2,9.97,0,0.00
124.518,0.88,-0.72,9.61,0.06,0.01,-0.00,1013.6,17.1,-40.5,15.2,9.97,0,0.00
124.615,0.71,-0.28,9.88,0.01,-0.01,-0.03,1014.1,17.2,-38.4,15.2,9.97,0,0.00
124.705,1.05,-0.31,10.12,0.24,0.02,0.02,1013.7,17.0,-40.5,15.2,9.97,0,0.00
124.802,0.96,-0.04,9.51,-0.00,-0.01,-0.09,1014.1,17.2,-40.5,15.2,9.97,0,0.00
124.923,1.05,0.20,9.91,-0.09,-0.02,-0.09,1013.7,17.1,-40.5,15.2,9.97,0,0.00
125.020,0.96,-0.44,9.95,-0.23,-0.09,-0.07,1013.7,17.2,-41.6,15.2,9.97,0,0.00
