Time,A_X,A_Y,A_Z,G_X,G_Y,G_Z,Temperature,AirDensity,vSpeed,RPS,Delta_Pressure,wind_speed_ms
46.750,2.43,2.26,9.51,-0.17,0.03,0.15,20.1,1.20,0.00,0.00,0.00,0.0
48.766,0.10,-1.86,10.12,0.55,-0.03,0.01,19.9,1.20,0.12,0.06,-19.00,0.0
50.541,2.65,-0.70,9.95,-0.05,0.01,0.07,19.9,1.21,0.00,0.00,-13.00,0.0
52.318,2.74,0.10,9.45,-0.09,-0.01,-0.03,19.8,1.21,0.00,0.00,-19.00,0.0
54.094,2.71,-2.44,10.01,0.13,-0.04,-0.23,19.6,1.21,0.00,0.00,25.00,6.4
55.871,2.33,2.63,10.25,0.04,0.05,0.30,19.6,1.21,0.00,0.00,0.00,0.0
57.648,1.49,2.61,9.33,-0.19,-0.33,-1.00,19.5,1.21,0.00,0.00,6.00,3.2
59.477,0.48,0.65,8.94,-0.04,-0.12,-0.58,19.4,1.21,0.07,0.03,-13.00,0.0
61.252,3.39,1.66,9.76,-0.42,-0.09,-0.44,19.4,1.21,1.62,0.77,0.00,0.0
63.028,0.10,0.37,10.56,-0.08,0.05,-0.14,19.3,1.21,1.80,0.85,0.00,0.0
64.803,1.53,2.38,8.93,-0.44,-0.21,-1.15,19.1,1.21,2.14,1.02,0.00,0.0
66.578,2.41,0.17,9.97,-0.04,-0.12,-0.57,19.1,1.21,2.38,1.13,6.00,3.2
68.356,4.29,-0.52,9.93,-0.32,-0.15,-0.62,19.0,1.21,2.46,1.17,6.00,3.2
70.130,5.69,2.31,13.75,0.06,-0.02,0.20,18.9,1.21,2.47,1.18,25.00,6.4
72.088,1.73,-1.35,11.05,0.07,-0.05,-1.19,18.8,1.21,2.46,1.17,-13.00,0.0
73.862,2.29,0.04,9.88,-0.06,0.01,-0.20,18.7,1.21,2.48,1.18,6.00,3.1
75.637,-0.41,0.85,9.93,-0.29,-0.07,-0.52,18.6,1.21,2.58,1.22,0.00,0.0
77.413,1.20,0.42,9.74,0.13,-0.03,-0.08,18.4,1.21,2.38,1.13,6.00,3.1
79.187,1.56,2.39,12.13,-0.55,-0.25,-0.94,18.3,1.21,2.38,1.13,0.00,0.0
80.962,1.23,0.55,9.90,-0.12,-0.22,-0.82,18.3,1.21,2.48,1.18,38.00,7.9
82.739,1.82,0.82,10.27,-0.11,0.03,-0.01,18.1,1.21,2.76,1.31,6.00,3.1
84.578,-0.36,-0.19,9.74,0.24,-0.02,-0.10,18.1,1.21,2.89,1.37,-19.00,0.0
86.356,3.18,-0.12,8.86,0.05,-0.15,-0.79,17.9,1.21,2.86,1.36,0.00,0.0
88.128,0.86,-0.88,11.88,-0.26,-0.27,-0.68,17.9,1.21,2.94,1.40,6.00,3.1
89.903,2.55,-0.22,9.59,-0.18,-0.01,-0.33,17.8,1.21,2.94,1.40,0.00,0.0
91.679,0.36,4.78,10.47,-0.62,-0.14,-0.91,17.6,1.21,2.81,1.34,0.00,0.0
93.454,1.95,0.07,10.83,0.19,-0.05,-0.17,17.5,1.22,2.88,1.37,0.00,0.0
95.227,2.21,-0.70,9.56,-0.44,-0.08,-0.66,17.4,1.22,2.91,1.38,0.00,0.0
97.001,-0.72,-1.52,12.27,0.38,0.03,-0.30,17.3,1.22,2.88,1.37,-13.00,0.0
98.943,3.71,-4.22,11.84,-0.28,-0.21,-0.87,17.2,1.22,2.71,1.29,0.00,0.0
100.717,1.67,-0.50,10.62,0.16,-0.03,-0.13,17.1,1.22,2.70,1.28,-19.00,0.0
102.493,1.57,0.29,9.80,-0.16,-0.01,-0.30,17.0,1.22,2.73,1.30,0.00,0.0
104.268,0.43,1.33,9.53,0.16,-0.02,-0.03,16.9,1.22,2.66,1.26,-19.00,0.0
106.043,2.90,1.20,10.82,-0.12,0.03,0.06,16.8,1.22,2.74,1.30,6.00,3.1
107.818,0.14,0.12,9.37,-0.15,-0.23,-1.01,16.7,1.22,2.91,1.38,0.00,0.0
109.592,2.83,-0.15,10.43,0.19,-0.03,-0.42,16.6,1.22,2.80,1.33,6.00,3.1
111.416,2.96,1.13,11.46,-0.02,-0.19,-0.73,16.5,1.22,2.70,1.28,-13.00,0.0
113.190,7.47,-0.19,8.48,-0.24,-0.02,-0.67,16.4,1.22,2.71,1.29,0.00,0.0
114.959,3.87,-0.65,9.67,-0.41,-0.03,-0.27,16.3,1.22,2.82,1.34,6.00,3.1
116.736,3.69,-0.16,9.59,-0.06,-0.27,-0.59,16.2,1.22,0.00,0.00,-19.00,0.0
118.513,2.14,0.45,9.46,-0.07,-0.09,-0.32,16.1,1.22,3.06,1.45,-13.00,0.0
120.287,-3.91,-0.02,6.02,-1.25,-0.32,-1.06,16.0,1.22,3.17,1.51,-13.00,0.0
122.064,1.98,0.72,10.86,0.22,-0.01,0.33,15.9,1.22,3.15,1.50,19.00,5.6
124.009,-2.55,-0.57,15.09,-0.19,-0.08,-0.84,15.8,1.22,3.04,1.44,-13.00,0.0
125.785,2.77,-0.20,9.25,-0.20,-0.15,-0.67,15.6,1.22,2.97,1.41,6.00,3.1
127.561,1.78,0.51,9.32,0.10,-0.05,-0.19,15.6,1.22,3.08,1.46,0.00,0.0
129.336,1.92,2.01,9.05,-0.25,-0.05,-0.36,15.4,1.22,3.15,1.50,-19.00,0.0
131.110,1.14,0.18,10.52,0.04,-0.22,-0.96,15.4,1.22,3.18,1.51,-19.00,0.0
132.886,5.15,-2.32,11.24,0.44,0.03,-0.09,15.3,1.22,3.26,1.55,-19.00,0.0
134.660,4.01,-1.58,8.17,0.62,-0.06,-0.04,15.3,1.22,3.12,1.48,-19.00,0.0
136.481,1.14,-1.32,10.53,0.28,-0.01,0.03,15.1,1.23,0.05,0.02,-32.00,0.0
138.254,2.03,1.73,10.18,-0.06,0.01,0.03,15.1,1.23,0.00,0.00,-32.00,0.0
140.032,5.84,13.49,12.25,-0.87,-0.07,0.52,15.0,1.23,0.00,0.00,-38.00,0.0
141.811,2.03,0.21,9.94,-0.00,0.01,0.00,15.0,1.23,0.00,0.00,-32.00,0.0
143.588,2.07,0.26,9.86,-0.00,0.01,-0.00,14.9,1.23,0.00,0.00,-38.00,0.0
145.365,2.09,0.25,9.85,0.00,0.00,0.00,14.9,1.23,0.00,0.00,-19.00,0.0
147.141,2.03,0.32,9.81,-0.00,0.00,-0.00,14.8,1.23,0.00,0.00,-38.00,0.0
149.093,2.04,0.24,9.81,0.00,0.00,0.00,14.8,1.23,0.00,0.00,-38.00,0.0
150.871,2.08,0.27,9.87,0.00,0.01,0.00,14.7,1.23,0.00,0.00,-32.00,0.0
152.646,2.02,0.25,9.83,0.00,0.01,0.00,14.6,1.23,0.00,0.00,-32.00,0.0
154.422,2.02,0.24,9.87,-0.01,0.00,-0.00,14.6,1.23,0.00,0.00,-32.00,0.0
156.200,2.07,0.17,9.87,0.01,0.01,0.00,14.6,1.23,0.00,0.00,-19.00,0.0
157.974,2.06,0.36,9.83,0.01,0.00,0.00,14.5,1.23,0.00,0.00,-32.00,0.0
159.752,1.98,0.25,9.84,0.00,0.01,0.00,14.5,1.23,0.00,0.00,-19.00,0.0
161.530,2.13,0.22,9.79,0.01,0.00,0.00,14.4,1.23,0.00,0.00,-32.00,0.0
163.366,2.02,0.30,9.80,0.00,-0.00,0.00,14.4,1.23,0.00,0.00,-38.00,0.0
165.143,2.04,0.23,9.83,-0.00,0.00,0.00,14.4,1.23,0.00,0.00,-32.00,0.0
166.929,2.02,0.25,9.81,0.00,0.01,0.00,14.4,1.23,0.00,0.00,-38.00,0.0
168.705,2.04,0.32,9.84,-0.00,0.00,0.00,14.3,1.23,0.00,0.00,-32.00,0.0
170.481,2.03,0.25,9.84,0.00,0.01,0.00,14.3,1.23,0.00,0.00,-38.00,0.0
172.257,2.00,0.28,9.85,-0.00,0.01,0.00,14.3,1.23,0.00,0.00,-32.00,0.0
174.035,2.05,0.26,9.86,0.00,0.01,-0.00,14.3,1.23,0.00,0.00,-38.00,0.0
175.988,2.08,0.24,9.84,0.00,0.00,0.00,14.3,1.23,0.00,0.00,-32.00,0.0
177.764,1.98,0.23,9.82,0.00,0.00,0.00,14.2,1.23,0.00,0.00,-32.00,0.0
179.541,1.97,0.21,9.87,0.00,-0.00,0.00,14.1,1.23,0.00,0.00,-38.00,0.0
181.326,2.04,0.23,9.85,0.01,0.00,-0.00,14.1,1.23,0.00,0.00,-32.00,0.0
183.103,2.03,0.25,9.80,0.00,0.00,0.00,14.1,1.23,0.00,0.00,-32.00,0.0
184.881,2.06,0.28,9.86,0.00,0.00,0.00,14.1,1.23,0.00,0.00,-32.00,0.0
186.658,2.05,0.26,9.79,0.00,0.00,0.00,14.1,1.23,0.00,0.00,-38.00,0.0
188.484,2.05,0.29,9.84,0.00,0.01,0.00,14.0,1.23,0.00,0.00,-38.00,0.0
190.261,2.10,0.21,9.76,0.01,0.01,0.00,14.0,1.23,0.00,0.00,-32.00,0.0
192.037,2.00,0.26,9.83,-0.00,0.00,0.00,13.9,1.23,0.00,0.00,-38.00,0.0
193.812,2.11,0.43,9.44,-0.01,0.01,-0.00,13.9,1.23,0.00,0.00,-32.00,0.0
195.591,2.02,-0.07,9.75,-0.00,0.00,-0.01,13.9,1.23,0.00,0.00,-32.00,0.0
197.368,0.87,0.01,8.00,-0.05,0.01,0.01,13.8,1.23,0.00,0.00,-32.00,0.0
199.145,1.93,0.77,9.74,-0.05,0.01,-0.01,13.8,1.23,0.00,0.00,-38.00,0.0
200.920,2.11,1.05,9.83,0.01,0.00,0.00,13.8,1.23,0.00,0.00,-38.00,0.0
202.866,2.22,0.70,9.86,0.03,-0.00,0.00,13.8,1.23,0.00,0.00,-19.00,0.0
204.642,2.07,0.79,9.81,-0.03,0.01,0.00,13.7,1.23,0.00,0.00,-50.00,0.0
206.418,2.10,0.95,9.84,-0.02,0.00,0.00,13.7,1.23,0.00,0.00,-32.00,0.0
208.193,2.02,0.79,9.81,0.01,0.00,-0.00,13.6,1.23,0.00,0.00,-32.00,0.0
209.969,2.37,0.65,9.72,0.12,-0.02,-0.03,13.7,1.23,0.00,0.00,-50.00,0.0
211.746,2.45,2.13,9.62,-0.05,0.01,-0.00,13.6,1.23,0.00,0.00,-32.00,0.0
213.524,4.47,1.90,10.21,0.12,-0.00,-0.06,13.6,1.23,0.00,0.00,-38.00,0.0
215.351,1.87,0.48,10.08,-0.03,0.01,0.03,13.6,1.23,0.00,0.00,-38.00,0.0
217.129,2.29,0.99,9.60,0.03,-0.01,-0.04,13.6,1.23,0.00,0.00,-38.00,0.0
218.907,2.79,3.13,9.95,-0.13,-0.01,-0.20,13.6,1.23,0.00,0.00,-38.00,0.0
220.684,2.82,0.08,9.82,0.05,-0.01,0.41,13.5,1.23,0.00,0.00,-38.00,0.0
222.472,0.69,0.91,9.11,0.07,-0.12,-0.47,13.4,1.23,0.00,0.00,-50.00,0.0
224.250,2.72,1.72,10.62,-0.16,-0.13,-0.43,13.4,1.23,0.00,0.00,-19.00,0.0
226.029,3.42,1.39,9.67,0.03,-0.32,-1.04,13.4,1.23,0.00,0.00,-19.00,0.0
227.975,0.76,1.99,9.77,0.35,0.00,0.27,13.4,1.23,0.82,0.39,-32.00,0.0
229.750,1.46,-0.30,10.14,-0.35,-0.27,-1.16,13.3,1.23,2.80,1.33,-19.00,0.0
231.525,0.96,0.29,10.20,0.19,-0.17,-0.64,13.3,1.23,2.81,1.34,-13.00,0.0
233.302,3.57,0.25,11.14,-0.33,0.00,-0.14,13.3,1.23,2.80,1.33,6.00,3.1
235.077,3.18,0.28,10.77,0.11,0.03,0.15,13.2,1.23,2.77,1.31,-19.00,0.0
236.853,-1.64,0.18,9.29,-0.41,-0.35,-1.01,13.1,1.23,2.80,1.33,-13.00,0.0
238.627,1.92,1.31,9.99,-0.24,-0.17,-0.68,13.1,1.23,2.87,1.36,6.00,3.1
240.455,2.94,1.45,9.90,-0.06,-0.01,-0.14,13.0,1.23,2.96,1.41,19.00,5.5
242.231,2.55,-1.37,10.83,-0.72,-0.26,-0.98,12.9,1.23,3.00,1.42,-13.00,0.0
244.005,1.59,2.31,10.37,-0.01,-0.21,-0.53,12.9,1.23,3.02,1.43,-13.00,0.0
245.780,1.34,1.59,10.47,-0.15,-0.12,-0.54,12.8,1.24,3.11,1.48,0.00,0.0
247.555,0.59,-1.17,7.52,0.12,-0.21,-0.75,12.8,1.24,2.90,1.38,-19.00,0.0
249.330,1.76,1.41,8.72,-0.15,-0.44,-0.75,12.7,1.24,2.95,1.40,-32.00,0.0
251.103,2.62,-0.34,9.34,-0.33,-0.18,-0.78,12.6,1.24,3.08,1.46,-19.00,0.0
253.051,0.84,-0.18,10.26,0.15,-0.28,-0.82,12.6,1.24,3.14,1.49,0.00,0.0
254.829,2.48,0.67,11.52,0.09,-0.08,-0.25,12.5,1.24,3.17,1.51,-19.00,0.0
256.603,1.95,0.01,10.59,-0.43,-0.23,-0.58,12.4,1.24,3.27,1.55,0.00,0.0
258.378,0.17,1.02,11.58,0.05,0.02,-0.16,12.3,1.24,3.19,1.52,-32.00,0.0
260.151,0.34,2.10,9.42,-0.24,-0.15,-0.55,12.3,1.24,3.09,1.47,-13.00,0.0
261.925,1.85,1.58,9.32,-0.32,-0.25,-0.96,12.3,1.24,3.33,1.58,0.00,0.0
263.699,0.94,0.52,10.36,-0.11,0.01,-0.22,12.1,1.24,3.20,1.52,-32.00,0.0
265.475,1.85,-1.13,7.77,-0.59,-0.29,-0.99,12.1,1.24,2.92,1.39,-13.00,0.0
267.308,2.60,0.13,10.01,0.06,-0.08,-0.35,12.0,1.24,3.10,1.47,-32.00,0.0
269.083,3.02,2.37,8.70,-0.29,-0.10,-0.50,11.9,1.24,3.15,1.49,0.00,0.0
270.865,1.21,-0.21,10.03,0.09,0.03,0.31,11.8,1.24,3.05,1.45,-32.00,0.0
272.640,2.94,0.91,8.06,-0.20,-0.30,-1.06,11.8,1.24,3.03,1.44,-19.00,0.0
274.414,4.72,0.99,9.88,0.06,0.00,-0.26,11.8,1.24,3.12,1.48,-19.00,0.0
276.188,3.71,-5.62,9.58,-0.19,-0.11,-0.59,11.7,1.24,2.61,1.24,19.00,5.5
277.963,-4.28,-2.30,9.53,-0.16,-0.02,-0.18,11.6,1.24,2.33,1.11,-32.00,0.0
279.920,2.26,1.98,10.17,-0.31,-0.16,-0.92,11.5,1.24,2.42,1.15,-32.00,0.0
281.697,1.34,2.14,8.61,0.03,0.05,0.22,11.4,1.24,2.83,1.34,-32.00,0.0
283.471,3.22,-1.34,11.31,-0.18,-0.18,-0.74,11.4,1.24,2.89,1.37,-19.00,0.0
285.245,1.47,-0.90,10.02,0.20,0.06,-0.15,11.3,1.24,2.55,1.21,-19.00,0.0
287.021,-2.31,0.77,10.74,-0.11,-0.44,-0.78,11.3,1.24,2.30,1.09,-19.00,0.0
288.795,1.44,1.51,9.60,-0.22,0.08,-0.13,11.1,1.24,2.74,1.30,-13.00,0.0
290.571,-0.32,2.17,9.51,0.03,-0.13,-0.47,11.1,1.24,3.26,1.55,-38.00,0.0
292.402,1.84,-0.77,11.18,-0.31,-0.21,-0.75,11.0,1.24,3.35,1.59,-13.00,0.0
294.175,5.18,1.59,6.88,-0.80,-0.12,-0.43,10.9,1.24,3.49,1.66,19.00,5.5
295.952,0.09,1.31,9.74,0.17,-0.08,-0.25,10.8,1.24,3.52,1.67,-32.00,0.0
297.725,-0.40,1.12,7.07,-0.35,-0.27,-0.73,10.8,1.24,3.38,1.60,-13.00,0.0
299.500,0.88,0.73,10.84,-0.17,-0.25,-0.60,10.7,1.24,3.49,1.66,-19.00,0.0
301.274,1.98,-0.69,9.59,0.25,-0.14,-0.37,10.6,1.24,3.32,1.58,-19.00,0.0
303.049,0.26,-0.69,10.68,0.09,-0.14,-0.51,10.5,1.25,3.35,1.59,-13.00,0.0
305.000,1.76,2.05,10.19,-0.44,-0.09,-0.70,10.5,1.25,3.50,1.66,-19.00,0.0
306.774,1.98,-0.24,9.84,0.04,0.04,0.09,10.4,1.25,3.55,1.68,-38.00,0.0
308.551,2.21,-0.41,11.00,0.13,-0.26,-0.95,10.4,1.25,3.39,1.61,-32.00,0.0
310.326,2.09,0.66,10.11,-0.19,-0.07,-0.53,10.3,1.25,3.06,1.46,-19.00,0.0
312.101,2.81,-0.19,10.02,-0.05,-0.06,-0.28,10.3,1.25,2.79,1.33,-38.00,0.0
313.885,3.31,2.30,9.49,0.34,0.00,0.28,10.2,1.25,2.74,1.30,-32.00,0.0
315.660,2.47,0.44,10.06,-0.07,-0.05,-0.41,10.2,1.25,2.61,1.24,-50.00,0.0
317.489,2.59,1.62,11.08,0.02,-0.04,-0.22,10.1,1.25,2.32,1.10,-38.00,0.0
319.263,0.68,1.16,10.73,-0.17,-0.05,-0.51,10.1,1.25,2.15,1.02,-32.00,0.0
321.040,1.41,0.96,9.65,-0.16,-0.05,-0.40,10.1,1.25,2.08,0.99,-38.00,0.0
322.816,1.80,0.67,9.49,0.04,-0.02,-0.16,10.0,1.25,2.05,0.97,-38.00,0.0
324.591,2.48,0.76,9.91,0.06,0.00,0.00,9.9,1.25,1.90,0.90,-32.00,0.0
326.375,1.78,1.14,9.94,0.00,0.00,0.03,9.9,1.25,1.75,0.83,-50.00,0.0
328.150,2.23,0.41,10.27,-0.01,-0.02,-0.24,9.9,1.25,0.00,0.00,-32.00,0.0
330.101,0.57,-1.81,10.00,-0.07,-0.03,-0.47,9.8,1.25,1.59,0.75,-50.00,0.0
331.876,2.36,0.48,9.58,0.11,-0.02,-0.09,9.8,1.25,0.05,0.02,-32.00,0.0
333.652,1.16,0.15,9.77,0.01,0.01,-0.01,9.8,1.25,0.00,0.00,-38.00,0.0
335.429,1.66,0.17,9.63,-0.04,0.01,-0.01,9.8,1.25,0.00,0.00,-38.00,0.0
337.205,1.82,-0.15,9.93,0.09,-0.00,-0.03,9.7,1.25,0.00,0.00,-57.00,0.0
338.984,2.21,-0.31,9.81,0.01,0.00,-0.01,9.7,1.25,0.00,0.00,-50.00,0.0
340.761,2.10,0.70,9.72,-0.03,0.01,0.03,9.7,1.25,0.00,0.00,-50.00,0.0
342.541,2.14,-0.07,9.84,0.03,-0.00,-0.00,9.6,1.25,0.00,0.00,-50.00,0.0
344.375,1.78,0.07,9.99,0.06,-0.00,-0.03,9.6,1.25,0.00,0.00,-50.00,0.0
346.151,2.24,1.20,9.79,-0.01,0.01,-0.01,9.6,1.25,0.00,0.00,-57.00,0.0
347.928,1.63,-0.03,9.57,-0.39,0.04,0.02,9.6,1.25,0.00,0.00,-38.00,0.0
349.706,2.36,0.62,9.77,-0.03,-0.00,0.00,9.6,1.25,0.00,0.00,-38.00,0.0
351.483,1.74,0.09,9.77,0.14,-0.00,-0.08,9.6,1.25,0.00,0.00,-50.00,0.0
353.259,2.56,-0.23,9.78,0.06,-0.00,0.01,9.5,1.25,0.00,0.00,-38.00,0.0
355.038,2.03,0.79,9.83,-0.03,0.01,0.02,9.5,1.25,0.00,0.00,-38.00,0.0
356.992,3.68,-0.81,10.30,0.06,-0.03,-0.22,9.5,1.25,0.00,0.00,-38.00,0.0
358.768,4.43,3.93,7.66,0.09,-0.12,-0.51,9.4,1.25,0.00,0.00,-50.00,0.0
360.545,1.58,0.26,9.80,0.35,0.00,0.46,9.4,1.25,0.00,0.00,-38.00,0.0
362.326,3.13,0.42,9.16,-0.10,-0.03,-0.19,9.4,1.25,0.00,0.00,-38.00,0.0
364.103,1.19,0.92,10.05,0.09,-0.30,-1.16,9.4,1.25,0.00,0.00,-19.00,0.0
365.880,3.60,1.18,9.21,-0.23,0.08,0.20,9.4,1.25,0.14,0.07,-32.00,0.0
367.657,1.53,-1.13,9.88,-0.01,-0.32,-1.13,9.4,1.25,0.00,0.00,-13.00,0.0
369.501,-1.76,-1.25,9.44,0.25,0.01,-0.39,9.3,1.25,0.00,0.00,-50.00,0.0
371.278,2.75,0.36,7.32,-0.55,-0.21,-1.03,9.3,1.25,0.00,0.00,-32.00,0.0
373.056,-0.03,0.36,11.42,-0.02,-0.37,-1.12,9.3,1.25,1.15,0.54,-32.00,0.0
374.833,2.34,-2.31,10.83,0.04,-0.09,-0.11,9.2,1.25,1.69,0.80,-57.00,0.0
376.612,0.80,-0.38,11.03,-0.23,-0.26,-1.39,9.2,1.25,2.24,1.07,-50.00,0.0
378.396,3.68,0.45,10.92,0.04,-0.04,-0.24,9.1,1.25,2.67,1.27,-19.00,0.0
380.170,2.32,1.63,10.06,-0.22,-0.06,-0.57,9.1,1.25,2.83,1.34,-13.00,0.0
382.129,2.10,2.01,9.31,0.36,0.02,0.07,9.1,1.25,2.71,1.29,-38.00,0.0
383.914,2.58,-0.74,12.77,0.07,-0.10,-0.60,9.0,1.25,2.75,1.31,-50.00,0.0
385.690,1.58,0.69,9.51,-0.19,-0.00,-0.21,9.0,1.25,2.97,1.41,-38.00,0.0
387.468,1.10,1.59,9.32,0.27,-0.17,-0.45,8.9,1.25,3.13,1.49,-19.00,0.0
389.252,0.30,0.72,11.02,-0.14,-0.11,-0.75,8.9,1.25,3.22,1.53,-32.00,0.0
391.027,0.29,0.54,11.04,-0.33,-0.11,-0.95,8.8,1.25,3.38,1.60,-32.00,0.0
392.804,1.33,0.14,10.38,0.41,-0.04,-0.57,8.8,1.25,3.45,1.64,-19.00,0.0
394.638,0.19,1.06,12.98,-0.35,-0.41,-0.84,8.8,1.25,3.43,1.63,0.00,0.0
396.415,-0.34,-1.95,13.23,0.28,-0.18,0.07,8.8,1.25,3.33,1.58,-19.00,0.0
398.189,0.76,1.33,8.37,-0.41,-0.67,-1.04,8.7,1.25,3.52,1.67,-13.00,0.0
399.965,1.59,-0.96,9.40,-0.04,-0.38,-0.89,8.6,1.25,3.59,1.71,-13.00,0.0
401.744,1.30,1.70,9.63,-0.46,0.07,0.58,8.6,1.25,3.60,1.71,-38.00,0.0
403.517,1.20,1.66,12.98,-0.28,-0.11,-0.85,8.5,1.25,3.69,1.75,-32.00,0.0
405.294,2.90,0.91,13.58,-0.08,-0.20,-0.67,8.5,1.25,3.58,1.70,-19.00,0.0
407.071,-0.29,0.13,10.31,0.32,0.04,-0.05,8.4,1.25,3.57,1.70,-50.00,0.0
409.017,2.20,1.24,9.40,-0.17,-0.05,-0.29,8.4,1.25,3.41,1.62,-38.00,0.0
410.792,5.37,-2.36,7.14,1.86,-0.92,-1.73,8.4,1.25,3.45,1.64,-32.00,0.0
412.569,2.46,1.54,10.05,-0.02,0.02,0.10,8.3,1.26,3.45,1.64,-32.00,0.0
414.343,2.18,1.07,12.51,-0.28,-0.29,-0.85,8.3,1.26,3.43,1.63,-32.00,0.0
416.117,3.71,-0.03,9.89,-0.50,-0.28,-1.16,8.3,1.26,3.47,1.65,-32.00,0.0
417.893,2.87,0.31,10.29,0.10,-0.01,-0.18,8.2,1.26,3.46,1.64,-50.00,0.0
419.667,-1.15,0.52,10.68,-0.45,-0.37,-1.26,8.1,1.26,3.52,1.67,-19.00,0.0
421.494,1.31,-1.51,11.78,-0.28,-0.26,-1.00,8.1,1.26,3.48,1.65,-32.00,0.0
423.268,2.18,1.04,9.12,0.12,-0.02,0.08,8.1,1.26,3.34,1.59,-32.00,0.0
425.052,23.37,-1.38,10.25,0.26,0.18,-0.68,8.0,1.26,3.30,1.57,-32.00,0.0
426.830,-1.20,0.23,10.40,0.17,-0.66,-1.41,8.0,1.26,3.29,1.56,-32.00,0.0
428.605,2.06,1.57,10.00,-0.30,-0.02,0.01,7.9,1.26,3.36,1.60,-32.00,0.0
430.386,3.77,1.24,9.04,-0.54,-0.20,-0.87,7.9,1.26,3.47,1.65,-19.00,0.0
432.161,1.44,2.53,11.97,-0.17,-0.29,-0.66,7.8,1.26,3.42,1.63,-38.00,0.0
434.110,3.05,0.12,11.35,0.25,-0.09,-0.44,7.8,1.26,3.42,1.62,-19.00,0.0
435.884,3.40,-0.34,8.88,-0.11,-0.27,-0.76,7.8,1.26,3.52,1.67,-32.00,0.0
437.668,3.51,1.83,8.76,-0.38,-0.04,-0.13,7.7,1.26,3.47,1.65,-13.00,0.0
439.443,0.28,1.22,13.01,-0.04,-0.10,-0.53,7.6,1.26,3.52,1.67,-50.00,0.0
441.218,2.62,0.19,9.78,-0.33,-0.10,-0.43,7.6,1.26,3.65,1.73,-32.00,0.0
442.995,4.72,-1.09,10.75,-2.07,0.19,-0.33,7.6,1.26,3.58,1.70,-50.00,0.0
444.779,3.39,0.60,6.98,0.43,-0.14,0.32,7.6,1.26,3.52,1.67,-57.00,0.0
446.605,2.42,1.03,11.26,-0.46,-0.43,-0.80,7.5,1.26,3.30,1.57,-50.00,0.0
448.380,2.70,0.95,12.02,-0.24,-0.20,-0.62,7.4,1.26,2.94,1.40,-13.00,0.0
450.155,5.82,0.86,8.84,0.04,-0.06,-0.27,7.4,1.26,2.94,1.40,-38.00,0.0
451.939,0.46,-0.51,9.99,-0.36,-0.22,-0.80,7.4,1.26,3.07,1.46,-32.00,0.0
453.715,-1.95,1.30,11.85,-0.22,-0.40,-0.82,7.4,1.26,3.19,1.51,-38.00,0.0
455.489,2.73,1.07,9.92,0.31,-0.02,0.24,7.3,1.26,3.38,1.60,-38.00,0.0
457.273,3.58,-0.03,10.26,-0.07,-0.08,-0.52,7.3,1.26,3.45,1.64,-38.00,0.0
459.222,1.72,1.00,10.18,-0.27,-0.13,-0.47,7.3,1.26,3.42,1.62,-32.00,0.0
460.998,0.71,-2.21,11.98,0.29,-0.24,-0.64,7.2,1.26,3.42,1.62,-32.00,0.0
462.782,0.12,1.55,7.28,-0.15,-0.08,-0.25,7.2,1.26,3.51,1.67,-38.00,0.0
464.556,0.99,1.09,10.09,-0.05,-0.03,-0.18,7.1,1.26,3.43,1.63,-69.00,0.0
466.332,1.66,-1.84,10.21,-0.45,0.06,0.07,7.1,1.26,3.40,1.61,-88.00,0.0
468.105,2.04,1.47,9.69,-0.06,0.01,0.01,7.1,1.26,0.00,0.00,-76.00,0.0
469.883,2.20,1.18,9.74,-0.01,0.01,-0.00,7.1,1.26,2.92,1.39,-57.00,0.0
